{
"type": "FeatureCollection",
"name": "communes_points",
"crs": { "type": "name", "properties": { "name": "urn:ogc:def:crs:EPSG::2154" } },
"features": [
{ "type": "Feature", "properties": { "NOM_COMM": "MOYON VILLAGES", "INSEE_COMM": "50363", "X": 397909.4338, "Y": 6885224.629 }, "geometry": { "type": "Point", "coordinates": [ 397909.433815086376853, 6885224.629012575373054 ] } },
{ "type": "Feature", "properties": { "NOM_COMM": "MONTAIGU-LES-BOIS", "INSEE_COMM": "50336", "X": 387035.056, "Y": 6874165.769 }, "geometry": { "type": "Point", "coordinates": [ 387035.056045419885777, 6874165.769651766866446 ] } },
{ "type": "Feature", "properties": { "NOM_COMM": "LE MESNIL-VILLEMAN", "INSEE_COMM": "50326", "X": 381716.6927, "Y": 6870530.84 }, "geometry": { "type": "Point", "coordinates": [ 381716.692797941272147, 6870530.840233774855733 ] } },
{ "type": "Feature", "properties": { "NOM_COMM": "LE MESNIL-GARNIER", "INSEE_COMM": "50311", "X": 384340.8677, "Y": 6871453.265 }, "geometry": { "type": "Point", "coordinates": [ 384340.867770270153414, 6871453.265312698669732 ] } },
{ "type": "Feature", "properties": { "NOM_COMM": "COURTILS", "INSEE_COMM": "50146", "X": 374239.6527, "Y": 6845556.714 }, "geometry": { "type": "Point", "coordinates": [ 374239.652724561165087, 6845556.714991694316268 ] } },
{ "type": "Feature", "properties": { "NOM_COMM": "SAINT-DENIS-LE-GAST", "INSEE_COMM": "50463", "X": 383217.0934, "Y": 6880279.78 }, "geometry": { "type": "Point", "coordinates": [ 383217.093405866937246, 6880279.780026820488274 ] } },
{ "type": "Feature", "properties": { "NOM_COMM": "SAINTE-SUZANNE-SUR-VIRE", "INSEE_COMM": "50556", "X": 403690.4664, "Y": 6893490.835 }, "geometry": { "type": "Point", "coordinates": [ 403690.466487200581469, 6893490.835099204443395 ] } },
{ "type": "Feature", "properties": { "NOM_COMM": "LA BALEINE", "INSEE_COMM": "50028", "X": 384920.3875, "Y": 6877922.851 }, "geometry": { "type": "Point", "coordinates": [ 384920.387570986815263, 6877922.851983395405114 ] } },
{ "type": "Feature", "properties": { "NOM_COMM": "SAINT-JEAN-DU-CORAIL-DES-BOIS", "INSEE_COMM": "50495", "X": 391144.4908000001, "Y": 6860639.295 }, "geometry": { "type": "Point", "coordinates": [ 391144.490837844496127, 6860639.295277229510248 ] } },
{ "type": "Feature", "properties": { "NOM_COMM": "LE PARC", "INSEE_COMM": "50535", "X": 384397.517, "Y": 6859063.632 }, "geometry": { "type": "Point", "coordinates": [ 384397.517071543785278, 6859063.632902049459517 ] } },
{ "type": "Feature", "properties": { "NOM_COMM": "LA CHAISE-BAUDOUIN", "INSEE_COMM": "50112", "X": 388651.9318, "Y": 6860007.968 }, "geometry": { "type": "Point", "coordinates": [ 388651.931806816486642, 6860007.968108108267188 ] } },
{ "type": "Feature", "properties": { "NOM_COMM": "LE LUOT", "INSEE_COMM": "50282", "X": 381933.6758000001, "Y": 6860516.593 }, "geometry": { "type": "Point", "coordinates": [ 381933.675848009763286, 6860516.593561365269125 ] } },
{ "type": "Feature", "properties": { "NOM_COMM": "SAINT-NICOLAS-DES-BOIS", "INSEE_COMM": "50529", "X": 391972.1711, "Y": 6859462.493 }, "geometry": { "type": "Point", "coordinates": [ 391972.171100182808004, 6859462.493875742889941 ] } },
{ "type": "Feature", "properties": { "NOM_COMM": "LE PERRON", "INSEE_COMM": "50398", "X": 415527.025, "Y": 6891031.1 }, "geometry": { "type": "Point", "coordinates": [ 415527.025065470021218, 6891031.100849617272615 ] } },
{ "type": "Feature", "properties": { "NOM_COMM": "TURQUEVILLE", "INSEE_COMM": "50609", "X": 390116.0791, "Y": 6931290.186 }, "geometry": { "type": "Point", "coordinates": [ 390116.07911839109147, 6931290.186019567772746 ] } },
{ "type": "Feature", "properties": { "NOM_COMM": "SACEY", "INSEE_COMM": "50443", "X": 370701.8666, "Y": 6831454.624 }, "geometry": { "type": "Point", "coordinates": [ 370701.866673116979655, 6831454.624466895125806 ] } },
{ "type": "Feature", "properties": { "NOM_COMM": "MONTJOIE-SAINT-MARTIN", "INSEE_COMM": "50347", "X": 383470.1537, "Y": 6833653.389 }, "geometry": { "type": "Point", "coordinates": [ 383470.153704447729979, 6833653.389032150618732 ] } },
{ "type": "Feature", "properties": { "NOM_COMM": "PRECEY", "INSEE_COMM": "50413", "X": 377501.7851, "Y": 6842861.01 }, "geometry": { "type": "Point", "coordinates": [ 377501.785171830735635, 6842861.010783637873828 ] } },
{ "type": "Feature", "properties": { "NOM_COMM": "SAINT-AUBIN-DE-TERREGATTE", "INSEE_COMM": "50448", "X": 383680.4447, "Y": 6839422.714 }, "geometry": { "type": "Point", "coordinates": [ 383680.444764020794537, 6839422.71489156037569 ] } },
{ "type": "Feature", "properties": { "NOM_COMM": "SAINT-SENIER-DE-BEUVRON", "INSEE_COMM": "50553", "X": 380836.1542, "Y": 6837572.865 }, "geometry": { "type": "Point", "coordinates": [ 380836.154217560542747, 6837572.865496700629592 ] } },
{ "type": "Feature", "properties": { "NOM_COMM": "SAINT-QUENTIN-SUR-LE-HOMME", "INSEE_COMM": "50543", "X": 383368.1933, "Y": 6846943.197 }, "geometry": { "type": "Point", "coordinates": [ 383368.193333922070451, 6846943.197733233682811 ] } },
{ "type": "Feature", "properties": { "NOM_COMM": "JUILLEY", "INSEE_COMM": "50259", "X": 379547.2686, "Y": 6841136.694 }, "geometry": { "type": "Point", "coordinates": [ 379547.268679763714317, 6841136.694120648317039 ] } },
{ "type": "Feature", "properties": { "NOM_COMM": "CROLLON", "INSEE_COMM": "50155", "X": 377020.6846, "Y": 6840252.464 }, "geometry": { "type": "Point", "coordinates": [ 377020.684641609375831, 6840252.464434426277876 ] } },
{ "type": "Feature", "properties": { "NOM_COMM": "SAINT-JAMES", "INSEE_COMM": "50487", "X": 377298.9853, "Y": 6832956.051 }, "geometry": { "type": "Point", "coordinates": [ 377298.985349717084318, 6832956.051661751233041 ] } },
{ "type": "Feature", "properties": { "NOM_COMM": "LES LOGES-MARCHIS", "INSEE_COMM": "50274", "X": 398487.1843, "Y": 6833807.679 }, "geometry": { "type": "Point", "coordinates": [ 398487.184397783188615, 6833807.679593973793089 ] } },
{ "type": "Feature", "properties": { "NOM_COMM": "REFFUVEILLE", "INSEE_COMM": "50428", "X": 397421.9926, "Y": 6849768.319 }, "geometry": { "type": "Point", "coordinates": [ 397421.992665884841699, 6849768.319232202135026 ] } },
{ "type": "Feature", "properties": { "NOM_COMM": "LE MESNILLARD", "INSEE_COMM": "50315", "X": 399431.6634, "Y": 6844528.619 }, "geometry": { "type": "Point", "coordinates": [ 399431.663447938743047, 6844528.619166660122573 ] } },
{ "type": "Feature", "properties": { "NOM_COMM": "GRANDPARIGNY", "INSEE_COMM": "50391", "X": 400090.4173, "Y": 6841417.486 }, "geometry": { "type": "Point", "coordinates": [ 400090.417341234278865, 6841417.486775343306363 ] } },
{ "type": "Feature", "properties": { "NOM_COMM": "SAINT-OVIN", "INSEE_COMM": "50531", "X": 387674.7241, "Y": 6850499.765 }, "geometry": { "type": "Point", "coordinates": [ 387674.724195621558465, 6850499.765409113839269 ] } },
{ "type": "Feature", "properties": { "NOM_COMM": "SAINT-HILAIRE-DU-HARCOUET", "INSEE_COMM": "50484", "X": 394152.0994, "Y": 6837747.964 }, "geometry": { "type": "Point", "coordinates": [ 394152.099404758017045, 6837747.964343196712434 ] } },
{ "type": "Feature", "properties": { "NOM_COMM": "MOULINES", "INSEE_COMM": "50362", "X": 401485.0128000001, "Y": 6835234.022 }, "geometry": { "type": "Point", "coordinates": [ 401485.01281141320942, 6835234.022273757494986 ] } },
{ "type": "Feature", "properties": { "NOM_COMM": "ISIGNY-LE-BUAT", "INSEE_COMM": "50256", "X": 391848.8513, "Y": 6843853.441 }, "geometry": { "type": "Point", "coordinates": [ 391848.851364541682415, 6843853.441549038514495 ] } },
{ "type": "Feature", "properties": { "NOM_COMM": "SAINT-LAURENT-DE-TERREGATTE", "INSEE_COMM": "50500", "X": 386842.3042, "Y": 6838513.757 }, "geometry": { "type": "Point", "coordinates": [ 386842.304207024746574, 6838513.757697003893554 ] } },
{ "type": "Feature", "properties": { "NOM_COMM": "JUVIGNY LES VALLEES", "INSEE_COMM": "50260", "X": 403925.9619, "Y": 6849689.068 }, "geometry": { "type": "Point", "coordinates": [ 403925.961983812507242, 6849689.068502058275044 ] } },
{ "type": "Feature", "properties": { "NOM_COMM": "SAINT-PIERRE-DE-SEMILLY", "INSEE_COMM": "50538", "X": 408325.7363, "Y": 6898749.874 }, "geometry": { "type": "Point", "coordinates": [ 408325.736342059797607, 6898749.874809678643942 ] } },
{ "type": "Feature", "properties": { "NOM_COMM": "GENETS", "INSEE_COMM": "50199", "X": 370885.3067, "Y": 6852537.977 }, "geometry": { "type": "Point", "coordinates": [ 370885.306775770790409, 6852537.97765507735312 ] } },
{ "type": "Feature", "properties": { "NOM_COMM": "VAINS", "INSEE_COMM": "50612", "X": 374380.1991000001, "Y": 6850931.146 }, "geometry": { "type": "Point", "coordinates": [ 374380.199124766048044, 6850931.146419175900519 ] } },
{ "type": "Feature", "properties": { "NOM_COMM": "BEAUVOIR", "INSEE_COMM": "50042", "X": 366334.9105, "Y": 6843252.909 }, "geometry": { "type": "Point", "coordinates": [ 366334.910523704777006, 6843252.909194259904325 ] } },
{ "type": "Feature", "properties": { "NOM_COMM": "TANIS", "INSEE_COMM": "50589", "X": 372436.4215, "Y": 6840883.963 }, "geometry": { "type": "Point", "coordinates": [ 372436.421570088947192, 6840883.963685620576143 ] } },
{ "type": "Feature", "properties": { "NOM_COMM": "HUISNES-SUR-MER", "INSEE_COMM": "50253", "X": 372147.3311, "Y": 6843910.309 }, "geometry": { "type": "Point", "coordinates": [ 372147.331138636276592, 6843910.309291552752256 ] } },
{ "type": "Feature", "properties": { "NOM_COMM": "BROUAINS", "INSEE_COMM": "50088", "X": 408348.6267, "Y": 6854089.009 }, "geometry": { "type": "Point", "coordinates": [ 408348.626709963369649, 6854089.009734226390719 ] } },
{ "type": "Feature", "properties": { "NOM_COMM": "SOURDEVAL", "INSEE_COMM": "50582", "X": 413229.5859, "Y": 6854307.149 }, "geometry": { "type": "Point", "coordinates": [ 413229.585921859776136, 6854307.149079549126327 ] } },
{ "type": "Feature", "properties": { "NOM_COMM": "PONTORSON", "INSEE_COMM": "50410", "X": 370442.7196, "Y": 6838247.011 }, "geometry": { "type": "Point", "coordinates": [ 370442.71961386030307, 6838247.011110876686871 ] } },
{ "type": "Feature", "properties": { "NOM_COMM": "MORIGNY", "INSEE_COMM": "50357", "X": 401619.4246000001, "Y": 6872308.959 }, "geometry": { "type": "Point", "coordinates": [ 401619.424689680628944, 6872308.95950954221189 ] } },
{ "type": "Feature", "properties": { "NOM_COMM": "SAINT-VIGOR-DES-MONTS", "INSEE_COMM": "50563", "X": 402808.316, "Y": 6875356.169 }, "geometry": { "type": "Point", "coordinates": [ 402808.316007234272547, 6875356.169165437109768 ] } },
{ "type": "Feature", "properties": { "NOM_COMM": "LE MESNIL-ADELEE", "INSEE_COMM": "50300", "X": 401109.8836, "Y": 6852132.103 }, "geometry": { "type": "Point", "coordinates": [ 401109.883644930145238, 6852132.10363526456058 ] } },
{ "type": "Feature", "properties": { "NOM_COMM": "SAINT-LAURENT-DE-CUVES", "INSEE_COMM": "50499", "X": 397558.9265, "Y": 6857850.748 }, "geometry": { "type": "Point", "coordinates": [ 397558.926540071435738, 6857850.74886438716203 ] } },
{ "type": "Feature", "properties": { "NOM_COMM": "LE MESNIL-GILBERT", "INSEE_COMM": "50312", "X": 401648.1052, "Y": 6854539.672 }, "geometry": { "type": "Point", "coordinates": [ 401648.10526035487419, 6854539.672331081703305 ] } },
{ "type": "Feature", "properties": { "NOM_COMM": "CUVES", "INSEE_COMM": "50158", "X": 398648.0643000001, "Y": 6855529.217 }, "geometry": { "type": "Point", "coordinates": [ 398648.064363806450274, 6855529.217470956966281 ] } },
{ "type": "Feature", "properties": { "NOM_COMM": "FOURNEAUX", "INSEE_COMM": "50192", "X": 404206.5264, "Y": 6881703.721 }, "geometry": { "type": "Point", "coordinates": [ 404206.52645100292284, 6881703.721681800670922 ] } },
{ "type": "Feature", "properties": { "NOM_COMM": "PERRIERS-EN-BEAUFICEL", "INSEE_COMM": "50397", "X": 406012.4708, "Y": 6855649.398 }, "geometry": { "type": "Point", "coordinates": [ 406012.470822515781038, 6855649.398650809191167 ] } },
{ "type": "Feature", "properties": { "NOM_COMM": "SAINT-GERMAIN-D'ELLE", "INSEE_COMM": "50476", "X": 413902.8218, "Y": 6898209.476 }, "geometry": { "type": "Point", "coordinates": [ 413902.821892076637596, 6898209.476651980541646 ] } },
{ "type": "Feature", "properties": { "NOM_COMM": "ANNEVILLE-EN-SAIRE", "INSEE_COMM": "50013", "X": 390545.7779, "Y": 6957299.298 }, "geometry": { "type": "Point", "coordinates": [ 390545.777939372346736, 6957299.298871025443077 ] } },
{ "type": "Feature", "properties": { "NOM_COMM": "CHERBOURG-EN-COTENTIN", "INSEE_COMM": "50129", "X": 366180.3541, "Y": 6957830.781 }, "geometry": { "type": "Point", "coordinates": [ 366180.354180463938974, 6957830.781083710491657 ] } },
{ "type": "Feature", "properties": { "NOM_COMM": "CLITOURPS", "INSEE_COMM": "50135", "X": 384277.4689, "Y": 6958968.898 }, "geometry": { "type": "Point", "coordinates": [ 384277.4689692396787, 6958968.898651253432035 ] } },
{ "type": "Feature", "properties": { "NOM_COMM": "BARFLEUR", "INSEE_COMM": "50030", "X": 392162.7862, "Y": 6960463.464 }, "geometry": { "type": "Point", "coordinates": [ 392162.786204597447067, 6960463.464907269924879 ] } },
{ "type": "Feature", "properties": { "NOM_COMM": "MARTINVAST", "INSEE_COMM": "50294", "X": 364005.035, "Y": 6954207.448 }, "geometry": { "type": "Point", "coordinates": [ 364005.035065853095148, 6954207.448267195373774 ] } },
{ "type": "Feature", "properties": { "NOM_COMM": "LE MESNIL-AU-VAL", "INSEE_COMM": "50305", "X": 372662.6959, "Y": 6953723.987 }, "geometry": { "type": "Point", "coordinates": [ 372662.695946911873762, 6953723.987572156824172 ] } },
{ "type": "Feature", "properties": { "NOM_COMM": "LINGEARD", "INSEE_COMM": "50271", "X": 404052.0654, "Y": 6856203.002 }, "geometry": { "type": "Point", "coordinates": [ 404052.065408635244239, 6856203.002772821113467 ] } },
{ "type": "Feature", "properties": { "NOM_COMM": "LA HAGUE", "INSEE_COMM": "50041", "X": 352384.4727, "Y": 6960967.981 }, "geometry": { "type": "Point", "coordinates": [ 352384.472749647509772, 6960967.981384233571589 ] } },
{ "type": "Feature", "properties": { "NOM_COMM": "CHAULIEU", "INSEE_COMM": "50514", "X": 416239.1243, "Y": 6856649.748 }, "geometry": { "type": "Point", "coordinates": [ 416239.124343150760978, 6856649.748801442794502 ] } },
{ "type": "Feature", "properties": { "NOM_COMM": "SAINT-LOUET-SUR-VIRE", "INSEE_COMM": "50504", "X": 408335.4032, "Y": 6884488.323 }, "geometry": { "type": "Point", "coordinates": [ 408335.40327289828565, 6884488.323022918775678 ] } },
{ "type": "Feature", "properties": { "NOM_COMM": "SAINT-MICHEL-DE-MONTJOIE", "INSEE_COMM": "50525", "X": 404176.8613, "Y": 6859129.174 }, "geometry": { "type": "Point", "coordinates": [ 404176.861309665546287, 6859129.174930806271732 ] } },
{ "type": "Feature", "properties": { "NOM_COMM": "BEAUFICEL", "INSEE_COMM": "50040", "X": 408778.0235, "Y": 6856483.259 }, "geometry": { "type": "Point", "coordinates": [ 408778.023571605619509, 6856483.259171334095299 ] } },
{ "type": "Feature", "properties": { "NOM_COMM": "HAMELIN", "INSEE_COMM": "50229", "X": 388754.4434, "Y": 6835187.425 }, "geometry": { "type": "Point", "coordinates": [ 388754.443417851231061, 6835187.425597057677805 ] } },
{ "type": "Feature", "properties": { "NOM_COMM": "PONTAUBAULT", "INSEE_COMM": "50408", "X": 379270.2829, "Y": 6844937.397 }, "geometry": { "type": "Point", "coordinates": [ 379270.282923455757555, 6844937.397093664854765 ] } },
{ "type": "Feature", "properties": { "NOM_COMM": "DOMJEAN", "INSEE_COMM": "50164", "X": 404751.3645000001, "Y": 6883969.894 }, "geometry": { "type": "Point", "coordinates": [ 404751.36457162280567, 6883969.89474811218679 ] } },
{ "type": "Feature", "properties": { "NOM_COMM": "GATHEMO", "INSEE_COMM": "50195", "X": 408802.9741, "Y": 6859467.961 }, "geometry": { "type": "Point", "coordinates": [ 408802.974116868048441, 6859467.961840040050447 ] } },
{ "type": "Feature", "properties": { "NOM_COMM": "SAINT-BRICE-DE-LANDELLES", "INSEE_COMM": "50452", "X": 395067.6049, "Y": 6834702.188 }, "geometry": { "type": "Point", "coordinates": [ 395067.604930674831849, 6834702.188942305743694 ] } },
{ "type": "Feature", "properties": { "NOM_COMM": "TORIGNY-LES-VILLES", "INSEE_COMM": "50601", "X": 410753.8188, "Y": 6885538.579 }, "geometry": { "type": "Point", "coordinates": [ 410753.818874548072927, 6885538.57942861225456 ] } },
{ "type": "Feature", "properties": { "NOM_COMM": "MARCILLY", "INSEE_COMM": "50290", "X": 387529.1686, "Y": 6847729.925 }, "geometry": { "type": "Point", "coordinates": [ 387529.168607587344013, 6847729.925805298611522 ] } },
{ "type": "Feature", "properties": { "NOM_COMM": "CEAUX", "INSEE_COMM": "50108", "X": 377047.208, "Y": 6845695.692 }, "geometry": { "type": "Point", "coordinates": [ 377047.208031327638309, 6845695.692448441870511 ] } },
{ "type": "Feature", "properties": { "NOM_COMM": "GER", "INSEE_COMM": "50200", "X": 420021.9086, "Y": 6848008.141 }, "geometry": { "type": "Point", "coordinates": [ 420021.908643396978732, 6848008.141352622769773 ] } },
{ "type": "Feature", "properties": { "NOM_COMM": "POILLEY", "INSEE_COMM": "50407", "X": 381669.7638, "Y": 6844057.755 }, "geometry": { "type": "Point", "coordinates": [ 381669.763845951471012, 6844057.755646181292832 ] } },
{ "type": "Feature", "properties": { "NOM_COMM": "SAINT-CLEMENT-RANCOUDRAY", "INSEE_COMM": "50456", "X": 413604.4338, "Y": 6848197.014 }, "geometry": { "type": "Point", "coordinates": [ 413604.4338343400741, 6848197.014784634113312 ] } },
{ "type": "Feature", "properties": { "NOM_COMM": "BIEVILLE", "INSEE_COMM": "50054", "X": 415986.254, "Y": 6892989.198 }, "geometry": { "type": "Point", "coordinates": [ 415986.25404295156477, 6892989.198697790503502 ] } },
{ "type": "Feature", "properties": { "NOM_COMM": "MONTRABOT", "INSEE_COMM": "50351", "X": 415542.8621000001, "Y": 6896808.909 }, "geometry": { "type": "Point", "coordinates": [ 415542.862123026279733, 6896808.909081069752574 ] } },
{ "type": "Feature", "properties": { "NOM_COMM": "DUCEY-LES CHERIS", "INSEE_COMM": "50168", "X": 385413.8476, "Y": 6843799.977 }, "geometry": { "type": "Point", "coordinates": [ 385413.847646765818354, 6843799.977748829871416 ] } },
{ "type": "Feature", "properties": { "NOM_COMM": "LA BARRE-DE-SEMILLY", "INSEE_COMM": "50032", "X": 406736.4912, "Y": 6897056.868 }, "geometry": { "type": "Point", "coordinates": [ 406736.491294866369572, 6897056.868666628375649 ] } },
{ "type": "Feature", "properties": { "NOM_COMM": "SERVON", "INSEE_COMM": "50574", "X": 374937.5024, "Y": 6842693.153 }, "geometry": { "type": "Point", "coordinates": [ 374937.502434817375615, 6842693.153733477927744 ] } },
{ "type": "Feature", "properties": { "NOM_COMM": "SAINT-JEAN-D'ELLE", "INSEE_COMM": "50492", "X": 410755.0328, "Y": 6895294.911 }, "geometry": { "type": "Point", "coordinates": [ 410755.032842450658791, 6895294.911468248814344 ] } },
{ "type": "Feature", "properties": { "NOM_COMM": "LE MONT-SAINT-MICHEL", "INSEE_COMM": "50353", "X": 366116.4951, "Y": 6845356.217 }, "geometry": { "type": "Point", "coordinates": [ 366116.495129467919469, 6845356.217990945093334 ] } },
{ "type": "Feature", "properties": { "NOM_COMM": "LE FRESNE-PORET", "INSEE_COMM": "50193", "X": 418945.8148, "Y": 6852098.495 }, "geometry": { "type": "Point", "coordinates": [ 418945.81481074495241, 6852098.49597332905978 ] } },
{ "type": "Feature", "properties": { "NOM_COMM": "AUCEY-LA-PLAINE", "INSEE_COMM": "50019", "X": 369711.887, "Y": 6834497.046 }, "geometry": { "type": "Point", "coordinates": [ 369711.887031386140734, 6834497.046500779688358 ] } },
{ "type": "Feature", "properties": { "NOM_COMM": "SAINT-BARTHELEMY", "INSEE_COMM": "50450", "X": 409323.2714000001, "Y": 6849989.96 }, "geometry": { "type": "Point", "coordinates": [ 409323.271426646271721, 6849989.960058242082596 ] } },
{ "type": "Feature", "properties": { "NOM_COMM": "BOUTTEVILLE", "INSEE_COMM": "50070", "X": 391124.158, "Y": 6929557.417 }, "geometry": { "type": "Point", "coordinates": [ 391124.158036416687537, 6929557.417373788543046 ] } },
{ "type": "Feature", "properties": { "NOM_COMM": "NEUFMESNIL", "INSEE_COMM": "50372", "X": 370821.4273, "Y": 6921834.433 }, "geometry": { "type": "Point", "coordinates": [ 370821.427383539848961, 6921834.433708093129098 ] } },
{ "type": "Feature", "properties": { "NOM_COMM": "BERIGNY", "INSEE_COMM": "50046", "X": 412048.2048, "Y": 6900247.364 }, "geometry": { "type": "Point", "coordinates": [ 412048.204803991888184, 6900247.364035477861762 ] } },
{ "type": "Feature", "properties": { "NOM_COMM": "LA LUZERNE", "INSEE_COMM": "50283", "X": 404853.0468, "Y": 6901038.198 }, "geometry": { "type": "Point", "coordinates": [ 404853.04687487508636, 6901038.198643035255373 ] } },
{ "type": "Feature", "properties": { "NOM_COMM": "SAINT-GEORGES-MONTCOCQ", "INSEE_COMM": "50475", "X": 400215.8011, "Y": 6900635.308 }, "geometry": { "type": "Point", "coordinates": [ 400215.801147909194697, 6900635.308603343553841 ] } },
{ "type": "Feature", "properties": { "NOM_COMM": "SAINTE-MARIE-DU-MONT", "INSEE_COMM": "50509", "X": 394841.2397, "Y": 6929988.709 }, "geometry": { "type": "Point", "coordinates": [ 394841.239717285323422, 6929988.709154258482158 ] } },
{ "type": "Feature", "properties": { "NOM_COMM": "BLOSVILLE", "INSEE_COMM": "50059", "X": 388569.9525, "Y": 6927733.366 }, "geometry": { "type": "Point", "coordinates": [ 388569.95257916074479, 6927733.366548313759267 ] } },
{ "type": "Feature", "properties": { "NOM_COMM": "ETIENVILLE", "INSEE_COMM": "50177", "X": 377985.5625, "Y": 6929394.796 }, "geometry": { "type": "Point", "coordinates": [ 377985.562521225539967, 6929394.796746370382607 ] } },
{ "type": "Feature", "properties": { "NOM_COMM": "SIOUVILLE-HAGUE", "INSEE_COMM": "50576", "X": 350579.2371000001, "Y": 6950748.6 }, "geometry": { "type": "Point", "coordinates": [ 350579.237106549844611, 6950748.600607126019895 ] } },
{ "type": "Feature", "properties": { "NOM_COMM": "AGNEAUX", "INSEE_COMM": "50002", "X": 398638.2008, "Y": 6898556.607 }, "geometry": { "type": "Point", "coordinates": [ 398638.20087479747599, 6898556.60718462895602 ] } },
{ "type": "Feature", "properties": { "NOM_COMM": "MUNEVILLE-LE-BINGARD", "INSEE_COMM": "50364", "X": 373570.7435, "Y": 6902213.893 }, "geometry": { "type": "Point", "coordinates": [ 373570.743519999668933, 6902213.89348922483623 ] } },
{ "type": "Feature", "properties": { "NOM_COMM": "SAINT-NICOLAS-DE-PIERREPONT", "INSEE_COMM": "50528", "X": 366883.0088, "Y": 6923090.042 }, "geometry": { "type": "Point", "coordinates": [ 366883.008857963781338, 6923090.042980758473277 ] } },
{ "type": "Feature", "properties": { "NOM_COMM": "SAINT-PIERRE-D'ARTHEGLISE", "INSEE_COMM": "50536", "X": 360133.1247, "Y": 6934362.542 }, "geometry": { "type": "Point", "coordinates": [ 360133.124709599884227, 6934362.542286884970963 ] } },
{ "type": "Feature", "properties": { "NOM_COMM": "LIEUSAINT", "INSEE_COMM": "50270", "X": 375922.699, "Y": 6940754.544 }, "geometry": { "type": "Point", "coordinates": [ 375922.699049364833627, 6940754.544699741527438 ] } },
{ "type": "Feature", "properties": { "NOM_COMM": "LAULNE", "INSEE_COMM": "50265", "X": 375693.2282, "Y": 6914795.673 }, "geometry": { "type": "Point", "coordinates": [ 375693.228239632328041, 6914795.673376215621829 ] } },
{ "type": "Feature", "properties": { "NOM_COMM": "AUXAIS", "INSEE_COMM": "50024", "X": 386410.164, "Y": 6910320.18 }, "geometry": { "type": "Point", "coordinates": [ 386410.164075361215509, 6910320.180592981167138 ] } },
{ "type": "Feature", "properties": { "NOM_COMM": "HIESVILLE", "INSEE_COMM": "50246", "X": 390574.9535, "Y": 6927371.643 }, "geometry": { "type": "Point", "coordinates": [ 390574.953539896407165, 6927371.643638310022652 ] } },
{ "type": "Feature", "properties": { "NOM_COMM": "BAUPTE", "INSEE_COMM": "50036", "X": 382489.9786, "Y": 6921032.344 }, "geometry": { "type": "Point", "coordinates": [ 382489.978604130563326, 6921032.344224347732961 ] } },
{ "type": "Feature", "properties": { "NOM_COMM": "TRIBEHOU", "INSEE_COMM": "50606", "X": 390760.6604, "Y": 6909377.832 }, "geometry": { "type": "Point", "coordinates": [ 390760.660401483299211, 6909377.832517568022013 ] } },
{ "type": "Feature", "properties": { "NOM_COMM": "MEAUTIS", "INSEE_COMM": "50298", "X": 387566.4931, "Y": 6917538.733 }, "geometry": { "type": "Point", "coordinates": [ 387566.49318083235994, 6917538.733997141011059 ] } },
{ "type": "Feature", "properties": { "NOM_COMM": "SAINT-MARTIN-D'AUBIGNY", "INSEE_COMM": "50510", "X": 382725.5391, "Y": 6905276.628 }, "geometry": { "type": "Point", "coordinates": [ 382725.539154203084763, 6905276.628243694081903 ] } },
{ "type": "Feature", "properties": { "NOM_COMM": "SEBEVILLE", "INSEE_COMM": "50571", "X": 388964.8898, "Y": 6929142.453 }, "geometry": { "type": "Point", "coordinates": [ 388964.889868775557261, 6929142.453593180514872 ] } },
{ "type": "Feature", "properties": { "NOM_COMM": "SAINT-FLOXEL", "INSEE_COMM": "50467", "X": 384381.8257, "Y": 6940796.109 }, "geometry": { "type": "Point", "coordinates": [ 384381.825700237532146, 6940796.109462710097432 ] } },
{ "type": "Feature", "properties": { "NOM_COMM": "AUVERS", "INSEE_COMM": "50023", "X": 385579.7257, "Y": 6919760.668 }, "geometry": { "type": "Point", "coordinates": [ 385579.725771307130344, 6919760.668402341194451 ] } },
{ "type": "Feature", "properties": { "NOM_COMM": "HAUTEVILLE-LA-GUICHARD", "INSEE_COMM": "50232", "X": 386042.709, "Y": 6900181.25 }, "geometry": { "type": "Point", "coordinates": [ 386042.709028875047807, 6900181.250584693625569 ] } },
{ "type": "Feature", "properties": { "NOM_COMM": "MONTEBOURG", "INSEE_COMM": "50341", "X": 382232.7571, "Y": 6941942.527 }, "geometry": { "type": "Point", "coordinates": [ 382232.757180694665294, 6941942.52737997379154 ] } },
{ "type": "Feature", "properties": { "NOM_COMM": "BRICQUEBOSQ", "INSEE_COMM": "50083", "X": 358504.8496, "Y": 6947596.739 }, "geometry": { "type": "Point", "coordinates": [ 358504.849620474386029, 6947596.739380122162402 ] } },
{ "type": "Feature", "properties": { "NOM_COMM": "AMIGNY", "INSEE_COMM": "50006", "X": 394845.5395, "Y": 6903287.514 }, "geometry": { "type": "Point", "coordinates": [ 394845.539549784036353, 6903287.514424000866711 ] } },
{ "type": "Feature", "properties": { "NOM_COMM": "SAINT-SEBASTIEN-DE-RAIDS", "INSEE_COMM": "50552", "X": 381356.3005, "Y": 6908570.651 }, "geometry": { "type": "Point", "coordinates": [ 381356.300587848061696, 6908570.651000577956438 ] } },
{ "type": "Feature", "properties": { "NOM_COMM": "BRETTEVILLE-SUR-AY", "INSEE_COMM": "50078", "X": 363207.9881, "Y": 6916267.625 }, "geometry": { "type": "Point", "coordinates": [ 363207.988195399637334, 6916267.625433698296547 ] } },
{ "type": "Feature", "properties": { "NOM_COMM": "CATTEVILLE", "INSEE_COMM": "50105", "X": 368388.5009, "Y": 6927025.37 }, "geometry": { "type": "Point", "coordinates": [ 368388.500975022616331, 6927025.370381584390998 ] } },
{ "type": "Feature", "properties": { "NOM_COMM": "CRASVILLE", "INSEE_COMM": "50150", "X": 386515.4253, "Y": 6948000.743 }, "geometry": { "type": "Point", "coordinates": [ 386515.425313657498918, 6948000.743544158525765 ] } },
{ "type": "Feature", "properties": { "NOM_COMM": "AUDOUVILLE-LA-HUBERT", "INSEE_COMM": "50021", "X": 393234.8828, "Y": 6932252.217 }, "geometry": { "type": "Point", "coordinates": [ 393234.882878345903009, 6932252.217488110996783 ] } },
{ "type": "Feature", "properties": { "NOM_COMM": "QUINEVILLE", "INSEE_COMM": "50421", "X": 388211.2023, "Y": 6943131.532 }, "geometry": { "type": "Point", "coordinates": [ 388211.202335937239695, 6943131.532753525301814 ] } },
{ "type": "Feature", "properties": { "NOM_COMM": "TERRE-ET-MARAIS", "INSEE_COMM": "50564", "X": 386939.693, "Y": 6913995.291 }, "geometry": { "type": "Point", "coordinates": [ 386939.693017263605725, 6913995.291043737903237 ] } },
{ "type": "Feature", "properties": { "NOM_COMM": "BEUZEVILLE-LA-BASTILLE", "INSEE_COMM": "50052", "X": 383022.7559, "Y": 6926125.261 }, "geometry": { "type": "Point", "coordinates": [ 383022.75590785901295, 6926125.261641361750662 ] } },
{ "type": "Feature", "properties": { "NOM_COMM": "OZEVILLE", "INSEE_COMM": "50390", "X": 385591.0253, "Y": 6942455.016 }, "geometry": { "type": "Point", "coordinates": [ 385591.025339070882183, 6942455.016909961588681 ] } },
{ "type": "Feature", "properties": { "NOM_COMM": "HUBERVILLE", "INSEE_COMM": "50251", "X": 379044.052, "Y": 6943470.793 }, "geometry": { "type": "Point", "coordinates": [ 379044.05202240817016, 6943470.793140901252627 ] } },
{ "type": "Feature", "properties": { "NOM_COMM": "SAINT-MARTIN-DE-VARREVILLE", "INSEE_COMM": "50517", "X": 392997.5742, "Y": 6933757.316 }, "geometry": { "type": "Point", "coordinates": [ 392997.574219675560016, 6933757.316432232037187 ] } },
{ "type": "Feature", "properties": { "NOM_COMM": "RAUVILLE-LA-PLACE", "INSEE_COMM": "50426", "X": 373217.6094, "Y": 6930543.302 }, "geometry": { "type": "Point", "coordinates": [ 373217.609419948421419, 6930543.302671059966087 ] } },
{ "type": "Feature", "properties": { "NOM_COMM": "LA BONNEVILLE", "INSEE_COMM": "50064", "X": 376459.8411, "Y": 6930865.051 }, "geometry": { "type": "Point", "coordinates": [ 376459.841128063097131, 6930865.051054001785815 ] } },
{ "type": "Feature", "properties": { "NOM_COMM": "LE HAM", "INSEE_COMM": "50227", "X": 380359.9008, "Y": 6936709.898 }, "geometry": { "type": "Point", "coordinates": [ 380359.90084385627415, 6936709.898458111099899 ] } },
{ "type": "Feature", "properties": { "NOM_COMM": "ROCHEVILLE", "INSEE_COMM": "50435", "X": 367380.8212, "Y": 6943166.437 }, "geometry": { "type": "Point", "coordinates": [ 367380.821294275170658, 6943166.437748331576586 ] } },
{ "type": "Feature", "properties": { "NOM_COMM": "TAMERVILLE", "INSEE_COMM": "50588", "X": 377129.5183, "Y": 6947246.156 }, "geometry": { "type": "Point", "coordinates": [ 377129.518372377962805, 6947246.156103789806366 ] } },
{ "type": "Feature", "properties": { "NOM_COMM": "HELLEVILLE", "INSEE_COMM": "50240", "X": 353943.7999, "Y": 6950363.214 }, "geometry": { "type": "Point", "coordinates": [ 353943.799945640494116, 6950363.214794682338834 ] } },
{ "type": "Feature", "properties": { "NOM_COMM": "SAINT-CYR", "INSEE_COMM": "50461", "X": 379948.2444000001, "Y": 6941007.876 }, "geometry": { "type": "Point", "coordinates": [ 379948.244412968400866, 6941007.876588222570717 ] } },
{ "type": "Feature", "properties": { "NOM_COMM": "LAMBERVILLE", "INSEE_COMM": "50261", "X": 414016.8498000001, "Y": 6893593.22 }, "geometry": { "type": "Point", "coordinates": [ 414016.849867159617133, 6893593.220290306955576 ] } },
{ "type": "Feature", "properties": { "NOM_COMM": "VAUDREVILLE", "INSEE_COMM": "50621", "X": 384420.8, "Y": 6944008.136 }, "geometry": { "type": "Point", "coordinates": [ 384420.800041872309521, 6944008.136326133273542 ] } },
{ "type": "Feature", "properties": { "NOM_COMM": "BRETTEVILLE", "INSEE_COMM": "50077", "X": 374430.4198, "Y": 6959441.459 }, "geometry": { "type": "Point", "coordinates": [ 374430.419832641782705, 6959441.459024311974645 ] } },
{ "type": "Feature", "properties": { "NOM_COMM": "HARDINVAST", "INSEE_COMM": "50230", "X": 363995.5156, "Y": 6951848.49 }, "geometry": { "type": "Point", "coordinates": [ 363995.51560687070014, 6951848.490342209115624 ] } },
{ "type": "Feature", "properties": { "NOM_COMM": "SOTTEVAST", "INSEE_COMM": "50579", "X": 366572.3863, "Y": 6945646.406 }, "geometry": { "type": "Point", "coordinates": [ 366572.386324133782182, 6945646.406053213402629 ] } },
{ "type": "Feature", "properties": { "NOM_COMM": "BESNEVILLE", "INSEE_COMM": "50049", "X": 364100.9972, "Y": 6929504.595 }, "geometry": { "type": "Point", "coordinates": [ 364100.997234752110671, 6929504.595300885848701 ] } },
{ "type": "Feature", "properties": { "NOM_COMM": "VALOGNES", "INSEE_COMM": "50615", "X": 376081.8087, "Y": 6944026.767 }, "geometry": { "type": "Point", "coordinates": [ 376081.808774449629709, 6944026.767304259352386 ] } },
{ "type": "Feature", "properties": { "NOM_COMM": "FRESVILLE", "INSEE_COMM": "50194", "X": 384300.8237, "Y": 6935591.938 }, "geometry": { "type": "Point", "coordinates": [ 384300.823775630618911, 6935591.938120084814727 ] } },
{ "type": "Feature", "properties": { "NOM_COMM": "LES PIEUX", "INSEE_COMM": "50402", "X": 350924.8728, "Y": 6945221.451 }, "geometry": { "type": "Point", "coordinates": [ 350924.872841574891936, 6945221.451589865610003 ] } },
{ "type": "Feature", "properties": { "NOM_COMM": "GROSVILLE", "INSEE_COMM": "50222", "X": 357260.2829, "Y": 6944484.368 }, "geometry": { "type": "Point", "coordinates": [ 357260.282992297667079, 6944484.368444161489606 ] } },
{ "type": "Feature", "properties": { "NOM_COMM": "CHANTELOUP", "INSEE_COMM": "50120", "X": 371618.8712, "Y": 6875245.612 }, "geometry": { "type": "Point", "coordinates": [ 371618.871290380309802, 6875245.612740682438016 ] } },
{ "type": "Feature", "properties": { "NOM_COMM": "SAINT-GERMAIN-LE-GAILLARD", "INSEE_COMM": "50480", "X": 354269.3461, "Y": 6942653.068 }, "geometry": { "type": "Point", "coordinates": [ 354269.346106013748795, 6942653.068611258640885 ] } },
{ "type": "Feature", "properties": { "NOM_COMM": "BAUBIGNY", "INSEE_COMM": "50033", "X": 351440.8444, "Y": 6936005.984 }, "geometry": { "type": "Point", "coordinates": [ 351440.844466649636161, 6936005.984482387080789 ] } },
{ "type": "Feature", "properties": { "NOM_COMM": "MAGNEVILLE", "INSEE_COMM": "50285", "X": 370282.6584, "Y": 6937652.468 }, "geometry": { "type": "Point", "coordinates": [ 370282.658424026332796, 6937652.46808066777885 ] } },
{ "type": "Feature", "properties": { "NOM_COMM": "EROUDEVILLE", "INSEE_COMM": "50175", "X": 381404.4811, "Y": 6939441.376 }, "geometry": { "type": "Point", "coordinates": [ 381404.48116068780655, 6939441.37627287581563 ] } },
{ "type": "Feature", "properties": { "NOM_COMM": "VAROUVILLE", "INSEE_COMM": "50618", "X": 384395.6075, "Y": 6960811.409 }, "geometry": { "type": "Point", "coordinates": [ 384395.607577069255058, 6960811.409371918998659 ] } },
{ "type": "Feature", "properties": { "NOM_COMM": "HEAUVILLE", "INSEE_COMM": "50238", "X": 352749.7076, "Y": 6952380.448 }, "geometry": { "type": "Point", "coordinates": [ 352749.707643721194472, 6952380.44867982994765 ] } },
{ "type": "Feature", "properties": { "NOM_COMM": "FLAMANVILLE", "INSEE_COMM": "50184", "X": 347615.6446, "Y": 6947656.802 }, "geometry": { "type": "Point", "coordinates": [ 347615.644668829860166, 6947656.802369526587427 ] } },
{ "type": "Feature", "properties": { "NOM_COMM": "LA MEAUFFE", "INSEE_COMM": "50297", "X": 401112.4371, "Y": 6904331.076 }, "geometry": { "type": "Point", "coordinates": [ 401112.43719742965186, 6904331.07633682526648 ] } },
{ "type": "Feature", "properties": { "NOM_COMM": "LA CHAPELLE-UREE", "INSEE_COMM": "50124", "X": 394522.6264, "Y": 6848505.454 }, "geometry": { "type": "Point", "coordinates": [ 394522.626460334053263, 6848505.454366700723767 ] } },
{ "type": "Feature", "properties": { "NOM_COMM": "BRICQUEVILLE-SUR-MER", "INSEE_COMM": "50085", "X": 369113.6344, "Y": 6878177.805 }, "geometry": { "type": "Point", "coordinates": [ 369113.634474571212195, 6878177.805833692662418 ] } },
{ "type": "Feature", "properties": { "NOM_COMM": "SAINT-JEAN-DES-CHAMPS", "INSEE_COMM": "50493", "X": 372437.8293, "Y": 6867419.779 }, "geometry": { "type": "Point", "coordinates": [ 372437.829371312342118, 6867419.779282023198903 ] } },
{ "type": "Feature", "properties": { "NOM_COMM": "SAINT-PLANCHERS", "INSEE_COMM": "50541", "X": 369478.9523, "Y": 6868375.603 }, "geometry": { "type": "Point", "coordinates": [ 369478.95239725970896, 6868375.603073556907475 ] } },
{ "type": "Feature", "properties": { "NOM_COMM": "SAINTE-GENEVIEVE", "INSEE_COMM": "50469", "X": 389001.4105, "Y": 6959622.551 }, "geometry": { "type": "Point", "coordinates": [ 389001.41056834399933, 6959622.551749769598246 ] } },
{ "type": "Feature", "properties": { "NOM_COMM": "BREVILLE-SUR-MER", "INSEE_COMM": "50081", "X": 365802.0012, "Y": 6872916.316 }, "geometry": { "type": "Point", "coordinates": [ 365802.001219236466568, 6872916.316831002011895 ] } },
{ "type": "Feature", "properties": { "NOM_COMM": "LONGUEVILLE", "INSEE_COMM": "50277", "X": 367446.703, "Y": 6871626.713 }, "geometry": { "type": "Point", "coordinates": [ 367446.703089020506013, 6871626.713084009476006 ] } },
{ "type": "Feature", "properties": { "NOM_COMM": "SAINT-AUBIN-DES-PREAUX", "INSEE_COMM": "50447", "X": 369580.2213, "Y": 6865756.643 }, "geometry": { "type": "Point", "coordinates": [ 369580.22132276953198, 6865756.643411222845316 ] } },
{ "type": "Feature", "properties": { "NOM_COMM": "SAINT-PIERRE-LANGERS", "INSEE_COMM": "50540", "X": 370275.1997, "Y": 6862967.241 }, "geometry": { "type": "Point", "coordinates": [ 370275.199754227709491, 6862967.241545977070928 ] } },
{ "type": "Feature", "properties": { "NOM_COMM": "LA MEURDRAQUIERE", "INSEE_COMM": "50327", "X": 376935.6535, "Y": 6871154.359 }, "geometry": { "type": "Point", "coordinates": [ 376935.653504411631729, 6871154.359188643284142 ] } },
{ "type": "Feature", "properties": { "NOM_COMM": "COUDEVILLE-SUR-MER", "INSEE_COMM": "50143", "X": 368303.1226, "Y": 6873482.662 }, "geometry": { "type": "Point", "coordinates": [ 368303.122662049543578, 6873482.662248902022839 ] } },
{ "type": "Feature", "properties": { "NOM_COMM": "GRANVILLE", "INSEE_COMM": "50218", "X": 363653.0906, "Y": 6869314.467 }, "geometry": { "type": "Point", "coordinates": [ 363653.090634674823377, 6869314.467428632080555 ] } },
{ "type": "Feature", "properties": { "NOM_COMM": "HEUGUEVILLE-SUR-SIENNE", "INSEE_COMM": "50243", "X": 370016.9523, "Y": 6891567.437 }, "geometry": { "type": "Point", "coordinates": [ 370016.952356516616419, 6891567.437710949219763 ] } },
{ "type": "Feature", "properties": { "NOM_COMM": "SAUSSEY", "INSEE_COMM": "50568", "X": 376384.1547, "Y": 6888137.159 }, "geometry": { "type": "Point", "coordinates": [ 376384.154799609270412, 6888137.159225650131702 ] } },
{ "type": "Feature", "properties": { "NOM_COMM": "FOLLIGNY", "INSEE_COMM": "50188", "X": 375778.2385, "Y": 6866840.453 }, "geometry": { "type": "Point", "coordinates": [ 375778.238551276386715, 6866840.45367340836674 ] } },
{ "type": "Feature", "properties": { "NOM_COMM": "ANCTOVILLE-SUR-BOSCQ", "INSEE_COMM": "50008", "X": 367859.2767, "Y": 6870171.45 }, "geometry": { "type": "Point", "coordinates": [ 367859.276765364804305, 6870171.450179170817137 ] } },
{ "type": "Feature", "properties": { "NOM_COMM": "JULLOUVILLE", "INSEE_COMM": "50066", "X": 367378.5682, "Y": 6861023.747 }, "geometry": { "type": "Point", "coordinates": [ 367378.568273357697763, 6861023.747058992274106 ] } },
{ "type": "Feature", "properties": { "NOM_COMM": "BREHAL", "INSEE_COMM": "50076", "X": 367970.6943, "Y": 6875883.795 }, "geometry": { "type": "Point", "coordinates": [ 367970.69432546425378, 6875883.795774006284773 ] } },
{ "type": "Feature", "properties": { "NOM_COMM": "CAROLLES", "INSEE_COMM": "50102", "X": 364949.1267, "Y": 6859482.289 }, "geometry": { "type": "Point", "coordinates": [ 364949.126761963940226, 6859482.289159985259175 ] } },
{ "type": "Feature", "properties": { "NOM_COMM": "HOCQUIGNY", "INSEE_COMM": "50247", "X": 376640.221, "Y": 6865022.317 }, "geometry": { "type": "Point", "coordinates": [ 376640.22108129656408, 6865022.31749811489135 ] } },
{ "type": "Feature", "properties": { "NOM_COMM": "LE MESNIL-AUBERT", "INSEE_COMM": "50304", "X": 376687.5919, "Y": 6880650.001 }, "geometry": { "type": "Point", "coordinates": [ 376687.591986231389455, 6880650.001866936683655 ] } },
{ "type": "Feature", "properties": { "NOM_COMM": "CHAMPEAUX", "INSEE_COMM": "50117", "X": 367083.4462, "Y": 6858211.686 }, "geometry": { "type": "Point", "coordinates": [ 367083.44629980425816, 6858211.686538758687675 ] } },
{ "type": "Feature", "properties": { "NOM_COMM": "MUNEVILLE-SUR-MER", "INSEE_COMM": "50365", "X": 371429.5576, "Y": 6880076.516 }, "geometry": { "type": "Point", "coordinates": [ 371429.557644010579679, 6880076.516241279430687 ] } },
{ "type": "Feature", "properties": { "NOM_COMM": "DONVILLE-LES-BAINS", "INSEE_COMM": "50165", "X": 364615.8348, "Y": 6870922.368 }, "geometry": { "type": "Point", "coordinates": [ 364615.834800085402094, 6870922.368436438031495 ] } },
{ "type": "Feature", "properties": { "NOM_COMM": "LE VAL-SAINT-PERE", "INSEE_COMM": "50616", "X": 378146.4542, "Y": 6849062.664 }, "geometry": { "type": "Point", "coordinates": [ 378146.454234101518523, 6849062.664534610696137 ] } },
{ "type": "Feature", "properties": { "NOM_COMM": "COULOUVRAY-BOISBENATRE", "INSEE_COMM": "50144", "X": 398529.9414, "Y": 6861410.623 }, "geometry": { "type": "Point", "coordinates": [ 398529.941426827746909, 6861410.623775096610188 ] } },
{ "type": "Feature", "properties": { "NOM_COMM": "LA BLOUTIERE", "INSEE_COMM": "50060", "X": 388430.7634, "Y": 6871946.158 }, "geometry": { "type": "Point", "coordinates": [ 388430.763418655085843, 6871946.158294897526503 ] } },
{ "type": "Feature", "properties": { "NOM_COMM": "SAINT-MARTIN-LE-BOUILLANT", "INSEE_COMM": "50518", "X": 394479.8259, "Y": 6861916.677 }, "geometry": { "type": "Point", "coordinates": [ 394479.825973624421749, 6861916.677487752400339 ] } },
{ "type": "Feature", "properties": { "NOM_COMM": "SAINT-MAUR-DES-BOIS", "INSEE_COMM": "50521", "X": 395238.4335, "Y": 6865446.46 }, "geometry": { "type": "Point", "coordinates": [ 395238.43354048859328, 6865446.460587869398296 ] } },
{ "type": "Feature", "properties": { "NOM_COMM": "LA HAYE-BELLEFOND", "INSEE_COMM": "50234", "X": 393568.1893000001, "Y": 6883710.045 }, "geometry": { "type": "Point", "coordinates": [ 393568.189329537795857, 6883710.045237419195473 ] } },
{ "type": "Feature", "properties": { "NOM_COMM": "MAUPERTUIS", "INSEE_COMM": "50295", "X": 392588.1184, "Y": 6880965.701 }, "geometry": { "type": "Point", "coordinates": [ 392588.118438322853763, 6880965.701618259772658 ] } },
{ "type": "Feature", "properties": { "NOM_COMM": "CERENCES", "INSEE_COMM": "50109", "X": 374843.5628, "Y": 6877059.933 }, "geometry": { "type": "Point", "coordinates": [ 374843.562894321628846, 6877059.933647258207202 ] } },
{ "type": "Feature", "properties": { "NOM_COMM": "CHERENCE-LE-HERON", "INSEE_COMM": "50130", "X": 391517.0866, "Y": 6863695.631 }, "geometry": { "type": "Point", "coordinates": [ 391517.086643931921571, 6863695.631180906668305 ] } },
{ "type": "Feature", "properties": { "NOM_COMM": "FLEURY", "INSEE_COMM": "50185", "X": 387191.034, "Y": 6869446.213 }, "geometry": { "type": "Point", "coordinates": [ 387191.034052715462167, 6869446.21313379239291 ] } },
{ "type": "Feature", "properties": { "NOM_COMM": "LA HAYE-PESNEL", "INSEE_COMM": "50237", "X": 378879.1429, "Y": 6865521.911 }, "geometry": { "type": "Point", "coordinates": [ 378879.142914655909408, 6865521.911952924914658 ] } },
{ "type": "Feature", "properties": { "NOM_COMM": "BOURGUENOLLES", "INSEE_COMM": "50069", "X": 385269.4, "Y": 6863420.574 }, "geometry": { "type": "Point", "coordinates": [ 385269.400049460236914, 6863420.57467426173389 ] } },
{ "type": "Feature", "properties": { "NOM_COMM": "BESLON", "INSEE_COMM": "50048", "X": 395087.1613, "Y": 6870024.456 }, "geometry": { "type": "Point", "coordinates": [ 395087.161330251023173, 6870024.456887407228351 ] } },
{ "type": "Feature", "properties": { "NOM_COMM": "MONTBRAY", "INSEE_COMM": "50338", "X": 398770.0073, "Y": 6872581.56 }, "geometry": { "type": "Point", "coordinates": [ 398770.007328941486776, 6872581.56011219881475 ] } },
{ "type": "Feature", "properties": { "NOM_COMM": "MONTABOT", "INSEE_COMM": "50334", "X": 397388.8343, "Y": 6878680.659 }, "geometry": { "type": "Point", "coordinates": [ 397388.834391983808018, 6878680.659345512278378 ] } },
{ "type": "Feature", "properties": { "NOM_COMM": "LA LANDE-D'AIROU", "INSEE_COMM": "50262", "X": 385518.6562000001, "Y": 6866000.731 }, "geometry": { "type": "Point", "coordinates": [ 385518.65621049789479, 6866000.731319533661008 ] } },
{ "type": "Feature", "properties": { "NOM_COMM": "SAINT-POIS", "INSEE_COMM": "50542", "X": 401818.0456, "Y": 6857391.295 }, "geometry": { "type": "Point", "coordinates": [ 401818.045675581728574, 6857391.295190703123808 ] } },
{ "type": "Feature", "properties": { "NOM_COMM": "EQUILLY", "INSEE_COMM": "50174", "X": 378443.9924, "Y": 6867830.306 }, "geometry": { "type": "Point", "coordinates": [ 378443.9924059251789, 6867830.306159569881856 ] } },
{ "type": "Feature", "properties": { "NOM_COMM": "CHAMPREPUS", "INSEE_COMM": "50118", "X": 383351.5234, "Y": 6868041.545 }, "geometry": { "type": "Point", "coordinates": [ 383351.523420260462444, 6868041.545746300369501 ] } },
{ "type": "Feature", "properties": { "NOM_COMM": "LE LOREUR", "INSEE_COMM": "50278", "X": 375592.4222, "Y": 6871810.085 }, "geometry": { "type": "Point", "coordinates": [ 375592.422261813655496, 6871810.085055877454579 ] } },
{ "type": "Feature", "properties": { "NOM_COMM": "LA LUCERNE-D'OUTREMER", "INSEE_COMM": "50281", "X": 376153.4544, "Y": 6863304.946 }, "geometry": { "type": "Point", "coordinates": [ 376153.454402387607843, 6863304.946319961920381 ] } },
{ "type": "Feature", "properties": { "NOM_COMM": "MARGUERAY", "INSEE_COMM": "50291", "X": 397618.2186, "Y": 6874568.546 }, "geometry": { "type": "Point", "coordinates": [ 397618.218660262704361, 6874568.546458353288472 ] } },
{ "type": "Feature", "properties": { "NOM_COMM": "CHAVOY", "INSEE_COMM": "50126", "X": 381435.9174, "Y": 6857189.807 }, "geometry": { "type": "Point", "coordinates": [ 381435.917489787796512, 6857189.8070063367486 ] } },
{ "type": "Feature", "properties": { "NOM_COMM": "SAINT-SAUVEUR-LA-POMMERAYE", "INSEE_COMM": "50549", "X": 374698.1629, "Y": 6869103.32 }, "geometry": { "type": "Point", "coordinates": [ 374698.162939889414702, 6869103.320408966392279 ] } },
{ "type": "Feature", "properties": { "NOM_COMM": "LA TRINITE", "INSEE_COMM": "50607", "X": 388213.1529, "Y": 6862647.662 }, "geometry": { "type": "Point", "coordinates": [ 388213.152953615586739, 6862647.662715419195592 ] } },
{ "type": "Feature", "properties": { "NOM_COMM": "PERCY-EN-NORMANDIE", "INSEE_COMM": "50393", "X": 392747.7922000001, "Y": 6876400.605 }, "geometry": { "type": "Point", "coordinates": [ 392747.792230973194819, 6876400.60593921225518 ] } },
{ "type": "Feature", "properties": { "NOM_COMM": "VILLEDIEU-LES-POELES-ROUFFIGNY", "INSEE_COMM": "50639", "X": 389395.9922, "Y": 6866552.219 }, "geometry": { "type": "Point", "coordinates": [ 389395.992237758182455, 6866552.219397274777293 ] } },
{ "type": "Feature", "properties": { "NOM_COMM": "LA COLOMBE", "INSEE_COMM": "50137", "X": 392437.3218, "Y": 6872152.195 }, "geometry": { "type": "Point", "coordinates": [ 392437.321857847739011, 6872152.195264181122184 ] } },
{ "type": "Feature", "properties": { "NOM_COMM": "VILLEBAUDON", "INSEE_COMM": "50637", "X": 394702.7877, "Y": 6881981.281 }, "geometry": { "type": "Point", "coordinates": [ 394702.787788433779497, 6881981.281996600329876 ] } },
{ "type": "Feature", "properties": { "NOM_COMM": "SAINTE-CECILE", "INSEE_COMM": "50453", "X": 392549.0431, "Y": 6867470.841 }, "geometry": { "type": "Point", "coordinates": [ 392549.043132410210092, 6867470.841236650943756 ] } },
{ "type": "Feature", "properties": { "NOM_COMM": "LA CHAPELLE-CECELIN", "INSEE_COMM": "50121", "X": 394083.1402, "Y": 6864487.566 }, "geometry": { "type": "Point", "coordinates": [ 394083.140256403188687, 6864487.56682791467756 ] } },
{ "type": "Feature", "properties": { "NOM_COMM": "PIROU", "INSEE_COMM": "50403", "X": 367684.661, "Y": 6905699.569 }, "geometry": { "type": "Point", "coordinates": [ 367684.661009249510244, 6905699.56987683288753 ] } },
{ "type": "Feature", "properties": { "NOM_COMM": "LE TANU", "INSEE_COMM": "50590", "X": 381804.2739, "Y": 6864743.229 }, "geometry": { "type": "Point", "coordinates": [ 381804.273932698066346, 6864743.229945315979421 ] } },
{ "type": "Feature", "properties": { "NOM_COMM": "BOISYVON", "INSEE_COMM": "50062", "X": 396966.0765, "Y": 6864045.277 }, "geometry": { "type": "Point", "coordinates": [ 396966.076593526115175, 6864045.277147728018463 ] } },
{ "type": "Feature", "properties": { "NOM_COMM": "LA MOUCHE", "INSEE_COMM": "50361", "X": 380421.6503, "Y": 6862749.803 }, "geometry": { "type": "Point", "coordinates": [ 380421.650364283646923, 6862749.803845007903874 ] } },
{ "type": "Feature", "properties": { "NOM_COMM": "CAMPROND", "INSEE_COMM": "50094", "X": 383251.4919, "Y": 6896019.436 }, "geometry": { "type": "Point", "coordinates": [ 383251.491977351601236, 6896019.436568873934448 ] } },
{ "type": "Feature", "properties": { "NOM_COMM": "SAINT-DENIS-LE-VETU", "INSEE_COMM": "50464", "X": 379746.7663, "Y": 6885911.411 }, "geometry": { "type": "Point", "coordinates": [ 379746.766341710579582, 6885911.411984865553677 ] } },
{ "type": "Feature", "properties": { "NOM_COMM": "SAINT-LOUP", "INSEE_COMM": "50505", "X": 383152.0597, "Y": 6849187.319 }, "geometry": { "type": "Point", "coordinates": [ 383152.059770103776827, 6849187.319399723783135 ] } },
{ "type": "Feature", "properties": { "NOM_COMM": "BEAUCOUDRAY", "INSEE_COMM": "50039", "X": 396786.0922, "Y": 6881569.3 }, "geometry": { "type": "Point", "coordinates": [ 396786.092246827145573, 6881569.300554293207824 ] } },
{ "type": "Feature", "properties": { "NOM_COMM": "LE GRAND-CELLAND", "INSEE_COMM": "50217", "X": 392935.8259, "Y": 6851269.285 }, "geometry": { "type": "Point", "coordinates": [ 392935.825934251537547, 6851269.285049100406468 ] } },
{ "type": "Feature", "properties": { "NOM_COMM": "LE MESNIL-OZENNE", "INSEE_COMM": "50317", "X": 389528.6544, "Y": 6849143.225 }, "geometry": { "type": "Point", "coordinates": [ 389528.654474431241397, 6849143.225566054694355 ] } },
{ "type": "Feature", "properties": { "NOM_COMM": "SAINT-GILLES", "INSEE_COMM": "50483", "X": 396173.2206, "Y": 6896581.566 }, "geometry": { "type": "Point", "coordinates": [ 396173.220638028578833, 6896581.566978386603296 ] } },
{ "type": "Feature", "properties": { "NOM_COMM": "LE GUISLAIN", "INSEE_COMM": "50225", "X": 391516.6503, "Y": 6882886.572 }, "geometry": { "type": "Point", "coordinates": [ 391516.650387310422957, 6882886.572575725615025 ] } },
{ "type": "Feature", "properties": { "NOM_COMM": "BEUVRIGNY", "INSEE_COMM": "50050", "X": 406939.2369, "Y": 6881459.347 }, "geometry": { "type": "Point", "coordinates": [ 406939.236921112227719, 6881459.347509677521884 ] } },
{ "type": "Feature", "properties": { "NOM_COMM": "SAINT-ANDRE-DE-BOHON", "INSEE_COMM": "50445", "X": 391035.8216, "Y": 6913244.612 }, "geometry": { "type": "Point", "coordinates": [ 391035.821647802949883, 6913244.612570953555405 ] } },
{ "type": "Feature", "properties": { "NOM_COMM": "SAINT-GERMAIN-DE-VARREVILLE", "INSEE_COMM": "50479", "X": 392185.0653, "Y": 6934895.622 }, "geometry": { "type": "Point", "coordinates": [ 392185.065385786583647, 6934895.622234728187323 ] } },
{ "type": "Feature", "properties": { "NOM_COMM": "SUBLIGNY", "INSEE_COMM": "50584", "X": 379686.2456, "Y": 6859177.749 }, "geometry": { "type": "Point", "coordinates": [ 379686.245629822020419, 6859177.749486537650228 ] } },
{ "type": "Feature", "properties": { "NOM_COMM": "LE MESNIL", "INSEE_COMM": "50299", "X": 359252.8233, "Y": 6929316.085 }, "geometry": { "type": "Point", "coordinates": [ 359252.823312178486958, 6929316.085916852578521 ] } },
{ "type": "Feature", "properties": { "NOM_COMM": "SAINT-GEORGES-DE-LA-RIVIERE", "INSEE_COMM": "50471", "X": 356485.5013, "Y": 6928081.043 }, "geometry": { "type": "Point", "coordinates": [ 356485.501302969059907, 6928081.043872823007405 ] } },
{ "type": "Feature", "properties": { "NOM_COMM": "SAINT-PATRICE-DE-CLAIDS", "INSEE_COMM": "50533", "X": 376715.1704, "Y": 6911980.689 }, "geometry": { "type": "Point", "coordinates": [ 376715.170498616120312, 6911980.689203314483166 ] } },
{ "type": "Feature", "properties": { "NOM_COMM": "BRECEY", "INSEE_COMM": "50074", "X": 393152.245, "Y": 6855344.616 }, "geometry": { "type": "Point", "coordinates": [ 393152.245065611903556, 6855344.61693375185132 ] } },
{ "type": "Feature", "properties": { "NOM_COMM": "BAUDRE", "INSEE_COMM": "50034", "X": 402888.3112, "Y": 6895215.265 }, "geometry": { "type": "Point", "coordinates": [ 402888.311239448725246, 6895215.265663699246943 ] } },
{ "type": "Feature", "properties": { "NOM_COMM": "LE NEUFBOURG", "INSEE_COMM": "50371", "X": 409369.5756, "Y": 6847552.262 }, "geometry": { "type": "Point", "coordinates": [ 409369.575626005593222, 6847552.262568705715239 ] } },
{ "type": "Feature", "properties": { "NOM_COMM": "BELVAL", "INSEE_COMM": "50044", "X": 381862.9649, "Y": 6893334.599 }, "geometry": { "type": "Point", "coordinates": [ 381862.964994932292029, 6893334.599936438724399 ] } },
{ "type": "Feature", "properties": { "NOM_COMM": "SAINT-MARTIN-DE-CENILLY", "INSEE_COMM": "50513", "X": 386423.0545000001, "Y": 6883863.134 }, "geometry": { "type": "Point", "coordinates": [ 386423.054586763493717, 6883863.134683185257018 ] } },
{ "type": "Feature", "properties": { "NOM_COMM": "SAINT-CLAIR-SUR-L'ELLE", "INSEE_COMM": "50455", "X": 405334.1239, "Y": 6905634.984 }, "geometry": { "type": "Point", "coordinates": [ 405334.123996868671384, 6905634.984575293026865 ] } },
{ "type": "Feature", "properties": { "NOM_COMM": "REIGNEVILLE-BOCAGE", "INSEE_COMM": "50430", "X": 375437.1941, "Y": 6932680.163 }, "geometry": { "type": "Point", "coordinates": [ 375437.1941051465692, 6932680.163707435131073 ] } },
{ "type": "Feature", "properties": { "NOM_COMM": "NEUVILLE-AU-PLAIN", "INSEE_COMM": "50373", "X": 385559.6754, "Y": 6933602.553 }, "geometry": { "type": "Point", "coordinates": [ 385559.675401190528646, 6933602.553750683553517 ] } },
{ "type": "Feature", "properties": { "NOM_COMM": "LIESVILLE-SUR-DOUVE", "INSEE_COMM": "50269", "X": 386141.5853, "Y": 6925546.423 }, "geometry": { "type": "Point", "coordinates": [ 386141.58532221725909, 6925546.423804824240506 ] } },
{ "type": "Feature", "properties": { "NOM_COMM": "SAINT-AMAND-VILLAGES", "INSEE_COMM": "50444", "X": 412379.5191, "Y": 6889549.811 }, "geometry": { "type": "Point", "coordinates": [ 412379.519116755574942, 6889549.811258212663233 ] } },
{ "type": "Feature", "properties": { "NOM_COMM": "APPEVILLE", "INSEE_COMM": "50016", "X": 384927.0676, "Y": 6922801.313 }, "geometry": { "type": "Point", "coordinates": [ 384927.067681847198401, 6922801.313006645999849 ] } },
{ "type": "Feature", "properties": { "NOM_COMM": "CONDE-SUR-VIRE", "INSEE_COMM": "50139", "X": 404904.3615, "Y": 6890288.121 }, "geometry": { "type": "Point", "coordinates": [ 404904.361509784997907, 6890288.121953706257045 ] } },
{ "type": "Feature", "properties": { "NOM_COMM": "SAINT-MARTIN-LE-GREARD", "INSEE_COMM": "50519", "X": 363763.6422, "Y": 6949243.584 }, "geometry": { "type": "Point", "coordinates": [ 363763.642292163451202, 6949243.584171942435205 ] } },
{ "type": "Feature", "properties": { "NOM_COMM": "LENGRONNE", "INSEE_COMM": "50266", "X": 379396.7459, "Y": 6879346.494 }, "geometry": { "type": "Point", "coordinates": [ 379396.745980976847932, 6879346.494816181249917 ] } },
{ "type": "Feature", "properties": { "NOM_COMM": "SAINT-GEORGES-DE-ROUELLEY", "INSEE_COMM": "50474", "X": 421794.637, "Y": 6841665.266 }, "geometry": { "type": "Point", "coordinates": [ 421794.637052479898557, 6841665.266074359416962 ] } },
{ "type": "Feature", "properties": { "NOM_COMM": "HUDIMESNIL", "INSEE_COMM": "50252", "X": 372415.0868, "Y": 6872634.694 }, "geometry": { "type": "Point", "coordinates": [ 372415.086871636565775, 6872634.694068524055183 ] } },
{ "type": "Feature", "properties": { "NOM_COMM": "SAINT-PAIR-SUR-MER", "INSEE_COMM": "50532", "X": 366182.2506000001, "Y": 6865213.55 }, "geometry": { "type": "Point", "coordinates": [ 366182.250622914929409, 6865213.550291907973588 ] } },
{ "type": "Feature", "properties": { "NOM_COMM": "SAINT-MALO-DE-LA-LANDE", "INSEE_COMM": "50506", "X": 368241.7961, "Y": 6894194.457 }, "geometry": { "type": "Point", "coordinates": [ 368241.796177758835256, 6894194.457189785316586 ] } },
{ "type": "Feature", "properties": { "NOM_COMM": "LOLIF", "INSEE_COMM": "50276", "X": 376895.9092, "Y": 6856935.044 }, "geometry": { "type": "Point", "coordinates": [ 376895.909217893029563, 6856935.044034981168807 ] } },
{ "type": "Feature", "properties": { "NOM_COMM": "SAINT-JEAN-DE-LA-HAIZE", "INSEE_COMM": "50489", "X": 379430.0318, "Y": 6855528.269 }, "geometry": { "type": "Point", "coordinates": [ 379430.031860193063039, 6855528.269998101517558 ] } },
{ "type": "Feature", "properties": { "NOM_COMM": "VER", "INSEE_COMM": "50626", "X": 378253.9924, "Y": 6875159.856 }, "geometry": { "type": "Point", "coordinates": [ 378253.992433987034019, 6875159.856161686591804 ] } },
{ "type": "Feature", "properties": { "NOM_COMM": "MARCEY-LES-GREVES", "INSEE_COMM": "50288", "X": 377161.3708, "Y": 6853377.241 }, "geometry": { "type": "Point", "coordinates": [ 377161.370872513565701, 6853377.241105039604008 ] } },
{ "type": "Feature", "properties": { "NOM_COMM": "MONTHUCHON", "INSEE_COMM": "50345", "X": 377338.3589, "Y": 6896865.72 }, "geometry": { "type": "Point", "coordinates": [ 377338.358916492550634, 6896865.720860675908625 ] } },
{ "type": "Feature", "properties": { "NOM_COMM": "GRATOT", "INSEE_COMM": "50219", "X": 371715.9472, "Y": 6894721.127 }, "geometry": { "type": "Point", "coordinates": [ 371715.947289856499992, 6894721.127698036842048 ] } },
{ "type": "Feature", "properties": { "NOM_COMM": "ORVAL SUR SIENNE", "INSEE_COMM": "50388", "X": 372512.477, "Y": 6887920.832 }, "geometry": { "type": "Point", "coordinates": [ 372512.477003279724158, 6887920.832489682361484 ] } },
{ "type": "Feature", "properties": { "NOM_COMM": "LE GRIPPON", "INSEE_COMM": "50115", "X": 377404.1588, "Y": 6861089.999 }, "geometry": { "type": "Point", "coordinates": [ 377404.15884716011351, 6861089.999822578392923 ] } },
{ "type": "Feature", "properties": { "NOM_COMM": "BLAINVILLE-SUR-MER", "INSEE_COMM": "50058", "X": 366094.6223, "Y": 6895603.286 }, "geometry": { "type": "Point", "coordinates": [ 366094.622353461338207, 6895603.286486278288066 ] } },
{ "type": "Feature", "properties": { "NOM_COMM": "HAUTEVILLE-SUR-MER", "INSEE_COMM": "50231", "X": 367613.8522, "Y": 6884508.777 }, "geometry": { "type": "Point", "coordinates": [ 367613.852264092653058, 6884508.777805486693978 ] } },
{ "type": "Feature", "properties": { "NOM_COMM": "BRAINVILLE", "INSEE_COMM": "50072", "X": 371475.0152, "Y": 6896342.058 }, "geometry": { "type": "Point", "coordinates": [ 371475.015268899616785, 6896342.058979294262826 ] } },
{ "type": "Feature", "properties": { "NOM_COMM": "BACILLY", "INSEE_COMM": "50027", "X": 373964.5589, "Y": 6854051.886 }, "geometry": { "type": "Point", "coordinates": [ 373964.558918891823851, 6854051.886306758970022 ] } },
{ "type": "Feature", "properties": { "NOM_COMM": "DRAGEY-RONTHON", "INSEE_COMM": "50167", "X": 369941.0061, "Y": 6855664.432 }, "geometry": { "type": "Point", "coordinates": [ 369941.00611200381536, 6855664.43237482290715 ] } },
{ "type": "Feature", "properties": { "NOM_COMM": "AGON-COUTAINVILLE", "INSEE_COMM": "50003", "X": 365021.7691, "Y": 6891926.699 }, "geometry": { "type": "Point", "coordinates": [ 365021.769199481524993, 6891926.699951624497771 ] } },
{ "type": "Feature", "properties": { "NOM_COMM": "BRICQUEVILLE-LA-BLOUETTE", "INSEE_COMM": "50084", "X": 372694.9803, "Y": 6890901.202 }, "geometry": { "type": "Point", "coordinates": [ 372694.980397216975689, 6890901.202327162027359 ] } },
{ "type": "Feature", "properties": { "NOM_COMM": "REGNEVILLE-SUR-MER", "INSEE_COMM": "50429", "X": 368210.0279, "Y": 6889117.976 }, "geometry": { "type": "Point", "coordinates": [ 368210.027984210697468, 6889117.976050578989089 ] } },
{ "type": "Feature", "properties": { "NOM_COMM": "TOURVILLE-SUR-SIENNE", "INSEE_COMM": "50603", "X": 369275.5212, "Y": 6892902.271 }, "geometry": { "type": "Point", "coordinates": [ 369275.521266791271046, 6892902.271969126537442 ] } },
{ "type": "Feature", "properties": { "NOM_COMM": "MONTMARTIN-SUR-MER", "INSEE_COMM": "50349", "X": 368641.0016, "Y": 6886341.753 }, "geometry": { "type": "Point", "coordinates": [ 368641.00167349568801, 6886341.753121589310467 ] } },
{ "type": "Feature", "properties": { "NOM_COMM": "SAINT-JEAN-LE-THOMAS", "INSEE_COMM": "50496", "X": 368042.2107, "Y": 6856916.624 }, "geometry": { "type": "Point", "coordinates": [ 368042.210702241514809, 6856916.624153808690608 ] } },
{ "type": "Feature", "properties": { "NOM_COMM": "SARTILLY-BAIE-BOCAGE", "INSEE_COMM": "50565", "X": 373094.8561, "Y": 6859387.323 }, "geometry": { "type": "Point", "coordinates": [ 373094.856123562785797, 6859387.323041705414653 ] } },
{ "type": "Feature", "properties": { "NOM_COMM": "NOTRE-DAME-DE-LIVOYE", "INSEE_COMM": "50379", "X": 391303.4194, "Y": 6857786.853 }, "geometry": { "type": "Point", "coordinates": [ 391303.41941254818812, 6857786.853868377394974 ] } },
{ "type": "Feature", "properties": { "NOM_COMM": "LE PETIT-CELLAND", "INSEE_COMM": "50399", "X": 389902.692, "Y": 6852436.896 }, "geometry": { "type": "Point", "coordinates": [ 389902.692086209193803, 6852436.896570923738182 ] } },
{ "type": "Feature", "properties": { "NOM_COMM": "LES CRESNAYS", "INSEE_COMM": "50152", "X": 397381.5436, "Y": 6853272.753 }, "geometry": { "type": "Point", "coordinates": [ 397381.54362205544021, 6853272.7530945725739 ] } },
{ "type": "Feature", "properties": { "NOM_COMM": "PONTS", "INSEE_COMM": "50411", "X": 381265.9537, "Y": 6854493.073 }, "geometry": { "type": "Point", "coordinates": [ 381265.953775463975035, 6854493.073935655876994 ] } },
{ "type": "Feature", "properties": { "NOM_COMM": "BINIVILLE", "INSEE_COMM": "50055", "X": 374647.8963, "Y": 6934846.996 }, "geometry": { "type": "Point", "coordinates": [ 374647.896328297676519, 6934846.996769977733493 ] } },
{ "type": "Feature", "properties": { "NOM_COMM": "SAINT-SENIER-SOUS-AVRANCHES", "INSEE_COMM": "50554", "X": 382210.3265, "Y": 6851359.11 }, "geometry": { "type": "Point", "coordinates": [ 382210.326590582146309, 6851359.110722136683762 ] } },
{ "type": "Feature", "properties": { "NOM_COMM": "RONCEY", "INSEE_COMM": "50437", "X": 383173.506, "Y": 6884626.01 }, "geometry": { "type": "Point", "coordinates": [ 383173.506056481855921, 6884626.010234396904707 ] } },
{ "type": "Feature", "properties": { "NOM_COMM": "NOTRE-DAME-DE-CENILLY", "INSEE_COMM": "50378", "X": 388565.0242, "Y": 6885997.375 }, "geometry": { "type": "Point", "coordinates": [ 388565.024201189458836, 6885997.375126573257148 ] } },
{ "type": "Feature", "properties": { "NOM_COMM": "HAMBYE", "INSEE_COMM": "50228", "X": 388134.4481, "Y": 6880335.57 }, "geometry": { "type": "Point", "coordinates": [ 388134.448133852682076, 6880335.570131869055331 ] } },
{ "type": "Feature", "properties": { "NOM_COMM": "LES LOGES-SUR-BRECEY", "INSEE_COMM": "50275", "X": 394233.5314, "Y": 6858785.113 }, "geometry": { "type": "Point", "coordinates": [ 394233.531450866081286, 6858785.113810029812157 ] } },
{ "type": "Feature", "properties": { "NOM_COMM": "GRIMESNIL", "INSEE_COMM": "50221", "X": 381488.0999, "Y": 6881461.239 }, "geometry": { "type": "Point", "coordinates": [ 381488.099919809086714, 6881461.239539154805243 ] } },
{ "type": "Feature", "properties": { "NOM_COMM": "VERNIX", "INSEE_COMM": "50628", "X": 389105.6235, "Y": 6854431.59 }, "geometry": { "type": "Point", "coordinates": [ 389105.623555172933266, 6854431.590472090989351 ] } },
{ "type": "Feature", "properties": { "NOM_COMM": "SAINT-GEORGES-DE-LIVOYE", "INSEE_COMM": "50472", "X": 389604.6084000001, "Y": 6856906.972 }, "geometry": { "type": "Point", "coordinates": [ 389604.608478464302607, 6856906.972893200814724 ] } },
{ "type": "Feature", "properties": { "NOM_COMM": "SAINT-BRICE", "INSEE_COMM": "50451", "X": 383849.0418, "Y": 6852959.329 }, "geometry": { "type": "Point", "coordinates": [ 383849.041803854459431, 6852959.329808043316007 ] } },
{ "type": "Feature", "properties": { "NOM_COMM": "COUTANCES", "INSEE_COMM": "50147", "X": 375424.3511000001, "Y": 6893261.795 }, "geometry": { "type": "Point", "coordinates": [ 375424.351155339565594, 6893261.795447588898242 ] } },
{ "type": "Feature", "properties": { "NOM_COMM": "SAINT-PIERRE-DE-COUTANCES", "INSEE_COMM": "50537", "X": 375853.9223, "Y": 6891342.046 }, "geometry": { "type": "Point", "coordinates": [ 375853.922326728585176, 6891342.046561761759222 ] } },
{ "type": "Feature", "properties": { "NOM_COMM": "QUIBOU", "INSEE_COMM": "50420", "X": 392339.4879, "Y": 6893994.657 }, "geometry": { "type": "Point", "coordinates": [ 392339.487915798847098, 6893994.657791604287922 ] } },
{ "type": "Feature", "properties": { "NOM_COMM": "NICORPS", "INSEE_COMM": "50376", "X": 377619.8596000001, "Y": 6890261.779 }, "geometry": { "type": "Point", "coordinates": [ 377619.859682292852085, 6890261.779210702516139 ] } },
{ "type": "Feature", "properties": { "NOM_COMM": "COURCY", "INSEE_COMM": "50145", "X": 379344.3309, "Y": 6892352.223 }, "geometry": { "type": "Point", "coordinates": [ 379344.330975178396329, 6892352.22367176041007 ] } },
{ "type": "Feature", "properties": { "NOM_COMM": "LE LOREY", "INSEE_COMM": "50279", "X": 386139.1141, "Y": 6897237.496 }, "geometry": { "type": "Point", "coordinates": [ 386139.114114293653984, 6897237.49662071838975 ] } },
{ "type": "Feature", "properties": { "NOM_COMM": "CAMBERNON", "INSEE_COMM": "50092", "X": 380162.2393, "Y": 6896338.564 }, "geometry": { "type": "Point", "coordinates": [ 380162.239367391273845, 6896338.564015581272542 ] } },
{ "type": "Feature", "properties": { "NOM_COMM": "DANGY", "INSEE_COMM": "50159", "X": 391410.8111, "Y": 6889345.712 }, "geometry": { "type": "Point", "coordinates": [ 391410.811183243698906, 6889345.71241841558367 ] } },
{ "type": "Feature", "properties": { "NOM_COMM": "MONTPINCHON", "INSEE_COMM": "50350", "X": 384195.5069, "Y": 6889361.226 }, "geometry": { "type": "Point", "coordinates": [ 384195.506906291935593, 6889361.226873502135277 ] } },
{ "type": "Feature", "properties": { "NOM_COMM": "SAVIGNY", "INSEE_COMM": "50569", "X": 383814.4291, "Y": 6893004.694 }, "geometry": { "type": "Point", "coordinates": [ 383814.429150159936398, 6893004.694645162671804 ] } },
{ "type": "Feature", "properties": { "NOM_COMM": "CAMETOURS", "INSEE_COMM": "50093", "X": 387094.1646, "Y": 6894168.191 }, "geometry": { "type": "Point", "coordinates": [ 387094.16466180694988, 6894168.191995158791542 ] } },
{ "type": "Feature", "properties": { "NOM_COMM": "OUVILLE", "INSEE_COMM": "50389", "X": 380798.8908, "Y": 6888884.245 }, "geometry": { "type": "Point", "coordinates": [ 380798.890817500068806, 6888884.245799330994487 ] } },
{ "type": "Feature", "properties": { "NOM_COMM": "LE MESNIL-AMEY", "INSEE_COMM": "50302", "X": 392533.3357, "Y": 6897687.194 }, "geometry": { "type": "Point", "coordinates": [ 392533.335789918666705, 6897687.194324501790106 ] } },
{ "type": "Feature", "properties": { "NOM_COMM": "CERISY-LA-SALLE", "INSEE_COMM": "50111", "X": 387815.7487, "Y": 6890278.871 }, "geometry": { "type": "Point", "coordinates": [ 387815.748769600701053, 6890278.87164178583771 ] } },
{ "type": "Feature", "properties": { "NOM_COMM": "SAINT-MARTIN-DE-BONFOSSE", "INSEE_COMM": "50512", "X": 395003.1676, "Y": 6890487.993 }, "geometry": { "type": "Point", "coordinates": [ 395003.167633030796424, 6890487.99383305106312 ] } },
{ "type": "Feature", "properties": { "NOM_COMM": "CARANTILLY", "INSEE_COMM": "50098", "X": 389585.4877, "Y": 6893465.945 }, "geometry": { "type": "Point", "coordinates": [ 389585.487709645705763, 6893465.94538888335228 ] } },
{ "type": "Feature", "properties": { "NOM_COMM": "LA VENDELEE", "INSEE_COMM": "50624", "X": 374478.0034, "Y": 6896059.676 }, "geometry": { "type": "Point", "coordinates": [ 374478.003474011609796, 6896059.676612070761621 ] } },
{ "type": "Feature", "properties": { "NOM_COMM": "CANISY", "INSEE_COMM": "50095", "X": 396420.7348, "Y": 6894103.11 }, "geometry": { "type": "Point", "coordinates": [ 396420.734851276851259, 6894103.110767268575728 ] } },
{ "type": "Feature", "properties": { "NOM_COMM": "GOUVETS", "INSEE_COMM": "50214", "X": 400216.4243, "Y": 6877634.325 }, "geometry": { "type": "Point", "coordinates": [ 400216.424383320671041, 6877634.325226631946862 ] } },
{ "type": "Feature", "properties": { "NOM_COMM": "BEAUCHAMPS", "INSEE_COMM": "50038", "X": 379615.8099, "Y": 6868478.345 }, "geometry": { "type": "Point", "coordinates": [ 379615.809950812603347, 6868478.345032305456698 ] } },
{ "type": "Feature", "properties": { "NOM_COMM": "PICAUVILLE", "INSEE_COMM": "50400", "X": 380559.4613, "Y": 6928527.657 }, "geometry": { "type": "Point", "coordinates": [ 380559.461339754518121, 6928527.657409120351076 ] } },
{ "type": "Feature", "properties": { "NOM_COMM": "LA GODEFROY", "INSEE_COMM": "50205", "X": 384770.8687, "Y": 6851941.807 }, "geometry": { "type": "Point", "coordinates": [ 384770.868722478102427, 6851941.807110574096441 ] } },
{ "type": "Feature", "properties": { "NOM_COMM": "SAINT-CYR-DU-BAILLEUL", "INSEE_COMM": "50462", "X": 417748.1994, "Y": 6836609.019 }, "geometry": { "type": "Point", "coordinates": [ 417748.199454571004026, 6836609.019771165214479 ] } },
{ "type": "Feature", "properties": { "NOM_COMM": "BARENTON", "INSEE_COMM": "50029", "X": 417713.5179, "Y": 6841072.526 }, "geometry": { "type": "Point", "coordinates": [ 417713.517928921966814, 6841072.526334337890148 ] } },
{ "type": "Feature", "properties": { "NOM_COMM": "LE TEILLEUL", "INSEE_COMM": "50591", "X": 412654.3881, "Y": 6834243.143 }, "geometry": { "type": "Point", "coordinates": [ 412654.388113381923176, 6834243.143754950724542 ] } },
{ "type": "Feature", "properties": { "NOM_COMM": "SAVIGNY-LE-VIEUX", "INSEE_COMM": "50570", "X": 402851.8781, "Y": 6831887.217 }, "geometry": { "type": "Point", "coordinates": [ 402851.878133217629511, 6831887.217115054838359 ] } },
{ "type": "Feature", "properties": { "NOM_COMM": "LAPENTY", "INSEE_COMM": "50263", "X": 403298.4922, "Y": 6837391.844 }, "geometry": { "type": "Point", "coordinates": [ 403298.49225524981739, 6837391.844709593802691 ] } },
{ "type": "Feature", "properties": { "NOM_COMM": "SAINT-ANDRE-DE-L'EPINE", "INSEE_COMM": "50446", "X": 406589.0922, "Y": 6900181.224 }, "geometry": { "type": "Point", "coordinates": [ 406589.092247442284133, 6900181.224413845688105 ] } },
{ "type": "Feature", "properties": { "NOM_COMM": "BUAIS-LES-MONTS", "INSEE_COMM": "50090", "X": 406595.0073, "Y": 6832456.329 }, "geometry": { "type": "Point", "coordinates": [ 406595.007348543789703, 6832456.329684760421515 ] } },
{ "type": "Feature", "properties": { "NOM_COMM": "MONTFARVILLE", "INSEE_COMM": "50342", "X": 392156.3229000001, "Y": 6959070.376 }, "geometry": { "type": "Point", "coordinates": [ 392156.322918835969176, 6959070.376744957640767 ] } },
{ "type": "Feature", "properties": { "NOM_COMM": "SAINT-CHRISTOPHE-DU-FOC", "INSEE_COMM": "50454", "X": 357472.7611, "Y": 6949772.241 }, "geometry": { "type": "Point", "coordinates": [ 357472.76112964557251, 6949772.241717028431594 ] } },
{ "type": "Feature", "properties": { "NOM_COMM": "MORTAIN-BOCAGE", "INSEE_COMM": "50359", "X": 409955.0141, "Y": 6841199.686 }, "geometry": { "type": "Point", "coordinates": [ 409955.014122090360615, 6841199.68677131831646 ] } },
{ "type": "Feature", "properties": { "NOM_COMM": "ROMAGNY FONTENAY", "INSEE_COMM": "50436", "X": 406247.7441, "Y": 6844640.3 }, "geometry": { "type": "Point", "coordinates": [ 406247.744181009533349, 6844640.300683045759797 ] } },
{ "type": "Feature", "properties": { "NOM_COMM": "RAMPAN", "INSEE_COMM": "50423", "X": 398665.352, "Y": 6901916.485 }, "geometry": { "type": "Point", "coordinates": [ 398665.352011822164059, 6901916.485619047656655 ] } },
{ "type": "Feature", "properties": { "NOM_COMM": "YQUELON", "INSEE_COMM": "50647", "X": 366065.241, "Y": 6869786.379 }, "geometry": { "type": "Point", "coordinates": [ 366065.241083895089105, 6869786.379167082719505 ] } },
{ "type": "Feature", "properties": { "NOM_COMM": "SAINT-VAAST-LA-HOUGUE", "INSEE_COMM": "50562", "X": 391178.8624, "Y": 6952790.818 }, "geometry": { "type": "Point", "coordinates": [ 391178.862462978984695, 6952790.818522600457072 ] } },
{ "type": "Feature", "properties": { "NOM_COMM": "TOLLEVAST", "INSEE_COMM": "50599", "X": 366862.0474, "Y": 6952112.635 }, "geometry": { "type": "Point", "coordinates": [ 366862.047463918570429, 6952112.63553258497268 ] } },
{ "type": "Feature", "properties": { "NOM_COMM": "TEURTHEVILLE-HAGUE", "INSEE_COMM": "50594", "X": 357385.6331, "Y": 6952972.54 }, "geometry": { "type": "Point", "coordinates": [ 357385.633134397794493, 6952972.540386512875557 ] } },
{ "type": "Feature", "properties": { "NOM_COMM": "VIDECOSVILLE", "INSEE_COMM": "50634", "X": 383771.2355, "Y": 6949573.804 }, "geometry": { "type": "Point", "coordinates": [ 383771.235593409277499, 6949573.804495700635016 ] } },
{ "type": "Feature", "properties": { "NOM_COMM": "FERMANVILLE", "INSEE_COMM": "50178", "X": 378491.2496, "Y": 6962638.021 }, "geometry": { "type": "Point", "coordinates": [ 378491.249675535131246, 6962638.021865760907531 ] } },
{ "type": "Feature", "properties": { "NOM_COMM": "SAINT-JEAN-DE-DAYE", "INSEE_COMM": "50488", "X": 398862.9025000001, "Y": 6911454.43 }, "geometry": { "type": "Point", "coordinates": [ 398862.902549649646971, 6911454.430175364017487 ] } },
{ "type": "Feature", "properties": { "NOM_COMM": "THEVILLE", "INSEE_COMM": "50596", "X": 380968.4539, "Y": 6958800.81 }, "geometry": { "type": "Point", "coordinates": [ 380968.453987483750097, 6958800.810399250127375 ] } },
{ "type": "Feature", "properties": { "NOM_COMM": "SAUSSEMESNIL", "INSEE_COMM": "50567", "X": 375311.9927, "Y": 6950771.755 }, "geometry": { "type": "Point", "coordinates": [ 375311.992707039404195, 6950771.75571629870683 ] } },
{ "type": "Feature", "properties": { "NOM_COMM": "TEURTHEVILLE-BOCAGE", "INSEE_COMM": "50593", "X": 382266.957, "Y": 6952549.838 }, "geometry": { "type": "Point", "coordinates": [ 382266.957012134487741, 6952549.838434455916286 ] } },
{ "type": "Feature", "properties": { "NOM_COMM": "VIRANDEVILLE", "INSEE_COMM": "50643", "X": 358945.5801, "Y": 6951326.884 }, "geometry": { "type": "Point", "coordinates": [ 358945.58015196386259, 6951326.884910398162901 ] } },
{ "type": "Feature", "properties": { "NOM_COMM": "CANTELOUP", "INSEE_COMM": "50096", "X": 385104.4872, "Y": 6957719.431 }, "geometry": { "type": "Point", "coordinates": [ 385104.487296675972175, 6957719.431988387368619 ] } },
{ "type": "Feature", "properties": { "NOM_COMM": "MAUPERTUS-SUR-MER", "INSEE_COMM": "50296", "X": 376234.3928, "Y": 6960103.787 }, "geometry": { "type": "Point", "coordinates": [ 376234.39281958231004, 6960103.787004726007581 ] } },
{ "type": "Feature", "properties": { "NOM_COMM": "NOUAINVILLE", "INSEE_COMM": "50382", "X": 361780.5727, "Y": 6956768.236 }, "geometry": { "type": "Point", "coordinates": [ 361780.572765649179928, 6956768.236137240193784 ] } },
{ "type": "Feature", "properties": { "NOM_COMM": "MONTAIGU-LA-BRISETTE", "INSEE_COMM": "50335", "X": 380136.4438, "Y": 6950036.144 }, "geometry": { "type": "Point", "coordinates": [ 380136.4438629449578, 6950036.144093444570899 ] } },
{ "type": "Feature", "properties": { "NOM_COMM": "COUVILLE", "INSEE_COMM": "50149", "X": 361276.3119, "Y": 6950242.808 }, "geometry": { "type": "Point", "coordinates": [ 361276.311969796137419, 6950242.808808017522097 ] } },
{ "type": "Feature", "properties": { "NOM_COMM": "BRIX", "INSEE_COMM": "50087", "X": 369123.1183, "Y": 6948957.939 }, "geometry": { "type": "Point", "coordinates": [ 369123.118390265968628, 6948957.939719722606242 ] } },
{ "type": "Feature", "properties": { "NOM_COMM": "TOCQUEVILLE", "INSEE_COMM": "50598", "X": 386986.9468, "Y": 6960997.547 }, "geometry": { "type": "Point", "coordinates": [ 386986.946843326149974, 6960997.547767571173608 ] } },
{ "type": "Feature", "properties": { "NOM_COMM": "GONNEVILLE-LE THEIL", "INSEE_COMM": "50209", "X": 377030.3085, "Y": 6955767.208 }, "geometry": { "type": "Point", "coordinates": [ 377030.30854624643689, 6955767.208912529982626 ] } },
{ "type": "Feature", "properties": { "NOM_COMM": "LE VAST", "INSEE_COMM": "50619", "X": 385074.5341, "Y": 6955255.873 }, "geometry": { "type": "Point", "coordinates": [ 385074.534101138589904, 6955255.873211592435837 ] } },
{ "type": "Feature", "properties": { "NOM_COMM": "SAINT-PIERRE-EGLISE", "INSEE_COMM": "50539", "X": 382438.6584, "Y": 6961484.495 }, "geometry": { "type": "Point", "coordinates": [ 382438.658450764080044, 6961484.495238305069506 ] } },
{ "type": "Feature", "properties": { "NOM_COMM": "VICQ-SUR-MER", "INSEE_COMM": "50142", "X": 384508.22, "Y": 6963434.868 }, "geometry": { "type": "Point", "coordinates": [ 384508.220057732309215, 6963434.868403274565935 ] } },
{ "type": "Feature", "properties": { "NOM_COMM": "DIGOSVILLE", "INSEE_COMM": "50162", "X": 372991.5593, "Y": 6956892.492 }, "geometry": { "type": "Point", "coordinates": [ 372991.559363001200836, 6956892.492490070872009 ] } },
{ "type": "Feature", "properties": { "NOM_COMM": "GATTEVILLE-LE-PHARE", "INSEE_COMM": "50196", "X": 390301.2646, "Y": 6961850.373 }, "geometry": { "type": "Point", "coordinates": [ 390301.264698941784445, 6961850.373866187408566 ] } },
{ "type": "Feature", "properties": { "NOM_COMM": "LE VICEL", "INSEE_COMM": "50633", "X": 387925.9692, "Y": 6956712.446 }, "geometry": { "type": "Point", "coordinates": [ 387925.969247518689372, 6956712.446782656013966 ] } },
{ "type": "Feature", "properties": { "NOM_COMM": "LA PERNELLE", "INSEE_COMM": "50395", "X": 388508.3992, "Y": 6954465.695 }, "geometry": { "type": "Point", "coordinates": [ 388508.399256477016024, 6954465.695922594517469 ] } },
{ "type": "Feature", "properties": { "NOM_COMM": "VALCANVILLE", "INSEE_COMM": "50613", "X": 387993.3434, "Y": 6958429.394 }, "geometry": { "type": "Point", "coordinates": [ 387993.34343522367999, 6958429.394304976798594 ] } },
{ "type": "Feature", "properties": { "NOM_COMM": "REVILLE", "INSEE_COMM": "50433", "X": 392796.151, "Y": 6955734.976 }, "geometry": { "type": "Point", "coordinates": [ 392796.151000069803558, 6955734.976814745925367 ] } },
{ "type": "Feature", "properties": { "NOM_COMM": "CARNEVILLE", "INSEE_COMM": "50101", "X": 378786.2759, "Y": 6960672.889 }, "geometry": { "type": "Point", "coordinates": [ 378786.275961212057155, 6960672.889867848716676 ] } },
{ "type": "Feature", "properties": { "NOM_COMM": "BRILLEVAST", "INSEE_COMM": "50086", "X": 381137.4914, "Y": 6956259.271 }, "geometry": { "type": "Point", "coordinates": [ 381137.49142051168019, 6956259.27146387565881 ] } },
{ "type": "Feature", "properties": { "NOM_COMM": "SIDEVILLE", "INSEE_COMM": "50575", "X": 361190.5436, "Y": 6953856.888 }, "geometry": { "type": "Point", "coordinates": [ 361190.543638265575282, 6953856.888420550152659 ] } },
{ "type": "Feature", "properties": { "NOM_COMM": "VESLY", "INSEE_COMM": "50629", "X": 373164.4404, "Y": 6914507.787 }, "geometry": { "type": "Point", "coordinates": [ 373164.440440898819361, 6914507.787191545590758 ] } },
{ "type": "Feature", "properties": { "NOM_COMM": "LE PLESSIS-LASTELLE", "INSEE_COMM": "50405", "X": 377418.6818, "Y": 6917882.165 }, "geometry": { "type": "Point", "coordinates": [ 377418.681878707546275, 6917882.16519164852798 ] } },
{ "type": "Feature", "properties": { "NOM_COMM": "NAY", "INSEE_COMM": "50368", "X": 381719.255, "Y": 6913466.139 }, "geometry": { "type": "Point", "coordinates": [ 381719.255076357745565, 6913466.139894905500114 ] } },
{ "type": "Feature", "properties": { "NOM_COMM": "VILLIERS-FOSSARD", "INSEE_COMM": "50641", "X": 403848.1606, "Y": 6903362.569 }, "geometry": { "type": "Point", "coordinates": [ 403848.160642228089273, 6903362.569647178985178 ] } },
{ "type": "Feature", "properties": { "NOM_COMM": "SAINT-GERMAIN-SUR-SEVES", "INSEE_COMM": "50482", "X": 381312.4648, "Y": 6911107.026 }, "geometry": { "type": "Point", "coordinates": [ 381312.464883864624426, 6911107.026656614616513 ] } },
{ "type": "Feature", "properties": { "NOM_COMM": "VARENGUEBEC", "INSEE_COMM": "50617", "X": 373629.4689, "Y": 6924599.931 }, "geometry": { "type": "Point", "coordinates": [ 373629.468960071448237, 6924599.931753718294203 ] } },
{ "type": "Feature", "properties": { "NOM_COMM": "LE MESNIL-VENERON", "INSEE_COMM": "50324", "X": 396765.4661, "Y": 6910857.964 }, "geometry": { "type": "Point", "coordinates": [ 396765.466150396852754, 6910857.964780789799988 ] } },
{ "type": "Feature", "properties": { "NOM_COMM": "ORGLANDES", "INSEE_COMM": "50387", "X": 377882.2698, "Y": 6933751.577 }, "geometry": { "type": "Point", "coordinates": [ 377882.26982367481105, 6933751.577196888625622 ] } },
{ "type": "Feature", "properties": { "NOM_COMM": "GRAIGNES-MESNIL-ANGOT", "INSEE_COMM": "50216", "X": 394328.0989, "Y": 6912336.066 }, "geometry": { "type": "Point", "coordinates": [ 394328.098938341834582, 6912336.066675120964646 ] } },
{ "type": "Feature", "properties": { "NOM_COMM": "RAIDS", "INSEE_COMM": "50422", "X": 383490.2196, "Y": 6909586.238 }, "geometry": { "type": "Point", "coordinates": [ 383490.219697601569351, 6909586.238222452811897 ] } },
{ "type": "Feature", "properties": { "NOM_COMM": "DOVILLE", "INSEE_COMM": "50166", "X": 369537.8039, "Y": 6924393.662 }, "geometry": { "type": "Point", "coordinates": [ 369537.803976630268153, 6924393.662952683866024 ] } },
{ "type": "Feature", "properties": { "NOM_COMM": "SAINT-MARTIN-D'AUDOUVILLE", "INSEE_COMM": "50511", "X": 383700.4478, "Y": 6945417.04 }, "geometry": { "type": "Point", "coordinates": [ 383700.447813111182768, 6945417.040174015797675 ] } },
{ "type": "Feature", "properties": { "NOM_COMM": "LESSAY", "INSEE_COMM": "50267", "X": 370081.7863, "Y": 6912273.812 }, "geometry": { "type": "Point", "coordinates": [ 370081.786349908215925, 6912273.812888770364225 ] } },
{ "type": "Feature", "properties": { "NOM_COMM": "HAUTTEVILLE-BOCAGE", "INSEE_COMM": "50233", "X": 376012.6794, "Y": 6934333.124 }, "geometry": { "type": "Point", "coordinates": [ 376012.679430954682175, 6934333.12448001652956 ] } },
{ "type": "Feature", "properties": { "NOM_COMM": "L'ETANG-BERTRAND", "INSEE_COMM": "50176", "X": 368777.6918, "Y": 6939884.608 }, "geometry": { "type": "Point", "coordinates": [ 368777.69189914886374, 6939884.608381332829595 ] } },
{ "type": "Feature", "properties": { "NOM_COMM": "NEHOU", "INSEE_COMM": "50370", "X": 369049.3842, "Y": 6934763.092 }, "geometry": { "type": "Point", "coordinates": [ 369049.384232552780304, 6934763.092699281871319 ] } },
{ "type": "Feature", "properties": { "NOM_COMM": "URVILLE", "INSEE_COMM": "50610", "X": 377717.1703, "Y": 6936852.031 }, "geometry": { "type": "Point", "coordinates": [ 377717.170391736959573, 6936852.031279679387808 ] } },
{ "type": "Feature", "properties": { "NOM_COMM": "AZEVILLE", "INSEE_COMM": "50026", "X": 387394.3841, "Y": 6937046.869 }, "geometry": { "type": "Point", "coordinates": [ 387394.384123029070906, 6937046.869260025210679 ] } },
{ "type": "Feature", "properties": { "NOM_COMM": "ECAUSSEVILLE", "INSEE_COMM": "50169", "X": 382417.7893, "Y": 6938037.385 }, "geometry": { "type": "Point", "coordinates": [ 382417.789347367361188, 6938037.385785296559334 ] } },
{ "type": "Feature", "properties": { "NOM_COMM": "LESTRE", "INSEE_COMM": "50268", "X": 387049.421, "Y": 6944805.953 }, "geometry": { "type": "Point", "coordinates": [ 387049.421089957293589, 6944805.953214848414063 ] } },
{ "type": "Feature", "properties": { "NOM_COMM": "CROSVILLE-SUR-DOUVE", "INSEE_COMM": "50156", "X": 375067.8365, "Y": 6929885.186 }, "geometry": { "type": "Point", "coordinates": [ 375067.836503824277315, 6929885.186405862681568 ] } },
{ "type": "Feature", "properties": { "NOM_COMM": "FLOTTEMANVILLE", "INSEE_COMM": "50186", "X": 377432.9039, "Y": 6939840.801 }, "geometry": { "type": "Point", "coordinates": [ 377432.903900095669087, 6939840.801580960862339 ] } },
{ "type": "Feature", "properties": { "NOM_COMM": "EMONDEVILLE", "INSEE_COMM": "50172", "X": 385558.2035, "Y": 6937565.93 }, "geometry": { "type": "Point", "coordinates": [ 385558.203517442161683, 6937565.930639724247158 ] } },
{ "type": "Feature", "properties": { "NOM_COMM": "JOGANVILLE", "INSEE_COMM": "50258", "X": 384683.8359, "Y": 6938861.316 }, "geometry": { "type": "Point", "coordinates": [ 384683.835941245837603, 6938861.316634337417781 ] } },
{ "type": "Feature", "properties": { "NOM_COMM": "SAINT-SAUVEUR-LE-VICOMTE", "INSEE_COMM": "50551", "X": 369906.0727, "Y": 6929386.663 }, "geometry": { "type": "Point", "coordinates": [ 369906.072734439861961, 6929386.663955607451499 ] } },
{ "type": "Feature", "properties": { "NOM_COMM": "COLOMBY", "INSEE_COMM": "50138", "X": 374515.9752, "Y": 6937556.538 }, "geometry": { "type": "Point", "coordinates": [ 374515.975287232606206, 6937556.538844252005219 ] } },
{ "type": "Feature", "properties": { "NOM_COMM": "LE MESNIL-EURY", "INSEE_COMM": "50310", "X": 391257.2969, "Y": 6904146.653 }, "geometry": { "type": "Point", "coordinates": [ 391257.2969713123166, 6904146.653439993970096 ] } },
{ "type": "Feature", "properties": { "NOM_COMM": "YVETOT-BOCAGE", "INSEE_COMM": "50648", "X": 373284.3793, "Y": 6942310.548 }, "geometry": { "type": "Point", "coordinates": [ 373284.379342857515439, 6942310.54869042430073 ] } },
{ "type": "Feature", "properties": { "NOM_COMM": "CAVIGNY", "INSEE_COMM": "50106", "X": 399581.964, "Y": 6906858.801 }, "geometry": { "type": "Point", "coordinates": [ 399581.964000252250116, 6906858.801396953873336 ] } },
{ "type": "Feature", "properties": { "NOM_COMM": "FEUGERES", "INSEE_COMM": "50181", "X": 385165.7384, "Y": 6902921.494 }, "geometry": { "type": "Point", "coordinates": [ 385165.738486951740924, 6902921.494546675123274 ] } },
{ "type": "Feature", "properties": { "NOM_COMM": "MONTREUIL-SUR-LOZON", "INSEE_COMM": "50352", "X": 390441.4115, "Y": 6901015.445 }, "geometry": { "type": "Point", "coordinates": [ 390441.411552352074068, 6901015.445945957675576 ] } },
{ "type": "Feature", "properties": { "NOM_COMM": "THEREVAL", "INSEE_COMM": "50239", "X": 394063.0434, "Y": 6900123.626 }, "geometry": { "type": "Point", "coordinates": [ 394063.043460287037306, 6900123.626644105650485 ] } },
{ "type": "Feature", "properties": { "NOM_COMM": "MONTCUIT", "INSEE_COMM": "50340", "X": 382797.6777, "Y": 6899370.373 }, "geometry": { "type": "Point", "coordinates": [ 382797.677737792313565, 6899370.373876380734146 ] } },
{ "type": "Feature", "properties": { "NOM_COMM": "MARIGNY-LE-LOZON", "INSEE_COMM": "50292", "X": 389090.0126, "Y": 6899604.432 }, "geometry": { "type": "Point", "coordinates": [ 389090.012699442275334, 6899604.432540795765817 ] } },
{ "type": "Feature", "properties": { "NOM_COMM": "PERIERS", "INSEE_COMM": "50394", "X": 378453.5749, "Y": 6907877.849 }, "geometry": { "type": "Point", "coordinates": [ 378453.57497338054236, 6907877.849631153978407 ] } },
{ "type": "Feature", "properties": { "NOM_COMM": "MARCHESIEUX", "INSEE_COMM": "50289", "X": 386193.88, "Y": 6907349.712 }, "geometry": { "type": "Point", "coordinates": [ 386193.880067225720268, 6907349.712867512367666 ] } },
{ "type": "Feature", "properties": { "NOM_COMM": "SAINT-GERMAIN-SUR-AY", "INSEE_COMM": "50481", "X": 364526.5105, "Y": 6914000.648 }, "geometry": { "type": "Point", "coordinates": [ 364526.510561168775894, 6914000.64852397236973 ] } },
{ "type": "Feature", "properties": { "NOM_COMM": "REMILLY LES MARAIS", "INSEE_COMM": "50431", "X": 389778.5286, "Y": 6906113.16 }, "geometry": { "type": "Point", "coordinates": [ 389778.528619354590774, 6906113.160320571623743 ] } },
{ "type": "Feature", "properties": { "NOM_COMM": "CREANCES", "INSEE_COMM": "50151", "X": 367685.3676, "Y": 6909618.657 }, "geometry": { "type": "Point", "coordinates": [ 367685.367616949370131, 6909618.657500696368515 ] } },
{ "type": "Feature", "properties": { "NOM_COMM": "SAINT-MARCOUF", "INSEE_COMM": "50507", "X": 389415.2273000001, "Y": 6939392.067 }, "geometry": { "type": "Point", "coordinates": [ 389415.227363790792879, 6939392.067623944953084 ] } },
{ "type": "Feature", "properties": { "NOM_COMM": "LA HAYE-D'ECTOT", "INSEE_COMM": "50235", "X": 356658.058, "Y": 6931581.367 }, "geometry": { "type": "Point", "coordinates": [ 356658.058098520326894, 6931581.367003841325641 ] } },
{ "type": "Feature", "properties": { "NOM_COMM": "AUMEVILLE-LESTRE", "INSEE_COMM": "50022", "X": 387184.1295, "Y": 6946259.213 }, "geometry": { "type": "Point", "coordinates": [ 387184.129559258290101, 6946259.213849365711212 ] } },
{ "type": "Feature", "properties": { "NOM_COMM": "BARNEVILLE-CARTERET", "INSEE_COMM": "50031", "X": 353726.6717, "Y": 6930601.237 }, "geometry": { "type": "Point", "coordinates": [ 353726.671762932150159, 6930601.237325334921479 ] } },
{ "type": "Feature", "properties": { "NOM_COMM": "SORTOSVILLE-EN-BEAUMONT", "INSEE_COMM": "50577", "X": 358358.802, "Y": 6935186.006 }, "geometry": { "type": "Point", "coordinates": [ 358358.802001839794684, 6935186.006529985927045 ] } },
{ "type": "Feature", "properties": { "NOM_COMM": "GEFFOSSES", "INSEE_COMM": "50198", "X": 368017.9736000001, "Y": 6901752.422 }, "geometry": { "type": "Point", "coordinates": [ 368017.973676582390908, 6901752.422405977733433 ] } },
{ "type": "Feature", "properties": { "NOM_COMM": "MILLIERES", "INSEE_COMM": "50328", "X": 375322.795, "Y": 6908143.224 }, "geometry": { "type": "Point", "coordinates": [ 375322.795069179264829, 6908143.224721476435661 ] } },
{ "type": "Feature", "properties": { "NOM_COMM": "LA FEUILLIE", "INSEE_COMM": "50182", "X": 372494.9677, "Y": 6905961.639 }, "geometry": { "type": "Point", "coordinates": [ 372494.967748047842178, 6905961.639157076366246 ] } },
{ "type": "Feature", "properties": { "NOM_COMM": "NEGREVILLE", "INSEE_COMM": "50369", "X": 370225.5044, "Y": 6943589.039 }, "geometry": { "type": "Point", "coordinates": [ 370225.504479386319872, 6943589.039815311320126 ] } },
{ "type": "Feature", "properties": { "NOM_COMM": "LE ROZEL", "INSEE_COMM": "50442", "X": 350191.5192, "Y": 6942055.303 }, "geometry": { "type": "Point", "coordinates": [ 350191.519255052204244, 6942055.303688813000917 ] } },
{ "type": "Feature", "properties": { "NOM_COMM": "PIERREVILLE", "INSEE_COMM": "50401", "X": 353740.7291, "Y": 6940249.314 }, "geometry": { "type": "Point", "coordinates": [ 353740.729111953696702, 6940249.314769358374178 ] } },
{ "type": "Feature", "properties": { "NOM_COMM": "BENOITVILLE", "INSEE_COMM": "50045", "X": 354286.0452, "Y": 6947027.145 }, "geometry": { "type": "Point", "coordinates": [ 354286.045219104154967, 6947027.145562911406159 ] } },
{ "type": "Feature", "properties": { "NOM_COMM": "TAILLEPIED", "INSEE_COMM": "50587", "X": 366983.3772, "Y": 6927768.383 }, "geometry": { "type": "Point", "coordinates": [ 366983.377283561043441, 6927768.383849071338773 ] } },
{ "type": "Feature", "properties": { "NOM_COMM": "GORGES", "INSEE_COMM": "50210", "X": 380642.5564, "Y": 6916134.008 }, "geometry": { "type": "Point", "coordinates": [ 380642.55644512368599, 6916134.008686960674822 ] } },
{ "type": "Feature", "properties": { "NOM_COMM": "LA HAYE", "INSEE_COMM": "50236", "X": 365926.9758, "Y": 6919315.337 }, "geometry": { "type": "Point", "coordinates": [ 365926.975807552691549, 6919315.337222219444811 ] } },
{ "type": "Feature", "properties": { "NOM_COMM": "LE DEZERT", "INSEE_COMM": "50161", "X": 396763.6671, "Y": 6909028.959 }, "geometry": { "type": "Point", "coordinates": [ 396763.667180730728433, 6909028.959157649427652 ] } },
{ "type": "Feature", "properties": { "NOM_COMM": "MONTSENELLE", "INSEE_COMM": "50273", "X": 377040.7831, "Y": 6920984.942 }, "geometry": { "type": "Point", "coordinates": [ 377040.783160026941914, 6920984.94299338851124 ] } },
{ "type": "Feature", "properties": { "NOM_COMM": "NEUVILLE-EN-BEAUMONT", "INSEE_COMM": "50374", "X": 365935.9492, "Y": 6926497.782 }, "geometry": { "type": "Point", "coordinates": [ 365935.949212003441062, 6926497.782775970175862 ] } },
{ "type": "Feature", "properties": { "NOM_COMM": "FONTENAY-SUR-MER", "INSEE_COMM": "50190", "X": 387941.5422000001, "Y": 6941213.303 }, "geometry": { "type": "Point", "coordinates": [ 387941.542281569389161, 6941213.303638108074665 ] } },
{ "type": "Feature", "properties": { "NOM_COMM": "SURTAINVILLE", "INSEE_COMM": "50585", "X": 352543.7549, "Y": 6938775.424 }, "geometry": { "type": "Point", "coordinates": [ 352543.754959270067047, 6938775.42438614461571 ] } },
{ "type": "Feature", "properties": { "NOM_COMM": "SAINT-FROMOND", "INSEE_COMM": "50468", "X": 400817.5078, "Y": 6910305.054 }, "geometry": { "type": "Point", "coordinates": [ 400817.507808177324478, 6910305.054232608526945 ] } },
{ "type": "Feature", "properties": { "NOM_COMM": "GONFREVILLE", "INSEE_COMM": "50208", "X": 379426.2055, "Y": 6912429.133 }, "geometry": { "type": "Point", "coordinates": [ 379426.205500161624514, 6912429.133002410642803 ] } },
{ "type": "Feature", "properties": { "NOM_COMM": "HEMEVEZ", "INSEE_COMM": "50241", "X": 378539.1032, "Y": 6938213.745 }, "geometry": { "type": "Point", "coordinates": [ 378539.10324607975781, 6938213.745343835093081 ] } },
{ "type": "Feature", "properties": { "NOM_COMM": "GOLLEVILLE", "INSEE_COMM": "50207", "X": 372695.1461, "Y": 6935946.652 }, "geometry": { "type": "Point", "coordinates": [ 372695.146177670976613, 6935946.652734889648855 ] } },
{ "type": "Feature", "properties": { "NOM_COMM": "BREUVILLE", "INSEE_COMM": "50079", "X": 362051.5438, "Y": 6947688.334 }, "geometry": { "type": "Point", "coordinates": [ 362051.543850076675881, 6947688.334476425312459 ] } },
{ "type": "Feature", "properties": { "NOM_COMM": "FIERVILLE-LES-MINES", "INSEE_COMM": "50183", "X": 361420.622, "Y": 6931791.259 }, "geometry": { "type": "Point", "coordinates": [ 361420.622096431965474, 6931791.259785714559257 ] } },
{ "type": "Feature", "properties": { "NOM_COMM": "CANVILLE-LA-ROCQUE", "INSEE_COMM": "50097", "X": 363019.2772, "Y": 6926080.046 }, "geometry": { "type": "Point", "coordinates": [ 363019.277222916018218, 6926080.046818044036627 ] } },
{ "type": "Feature", "properties": { "NOM_COMM": "TREAUVILLE", "INSEE_COMM": "50604", "X": 350885.5019, "Y": 6948272.929 }, "geometry": { "type": "Point", "coordinates": [ 350885.501914563821629, 6948272.929038786329329 ] } },
{ "type": "Feature", "properties": { "NOM_COMM": "SAINT-SAUVEUR-DE-PIERREPONT", "INSEE_COMM": "50548", "X": 365049.2171, "Y": 6924887.954 }, "geometry": { "type": "Point", "coordinates": [ 365049.217143797606695, 6924887.954609476961195 ] } },
{ "type": "Feature", "properties": { "NOM_COMM": "MORVILLE", "INSEE_COMM": "50360", "X": 372672.7437, "Y": 6939939.326 }, "geometry": { "type": "Point", "coordinates": [ 372672.74376396444859, 6939939.32648878544569 ] } },
{ "type": "Feature", "properties": { "NOM_COMM": "SAINTE-COLOMBE", "INSEE_COMM": "50457", "X": 372715.2879, "Y": 6933349.376 }, "geometry": { "type": "Point", "coordinates": [ 372715.287903333024587, 6933349.376954395323992 ] } },
{ "type": "Feature", "properties": { "NOM_COMM": "SORTOSVILLE", "INSEE_COMM": "50578", "X": 379086.393, "Y": 6940412.494 }, "geometry": { "type": "Point", "coordinates": [ 379086.393071417580359, 6940412.494979587383568 ] } },
{ "type": "Feature", "properties": { "NOM_COMM": "SAINT-GERMAIN-DE-TOURNEBUT", "INSEE_COMM": "50478", "X": 381190.8535000001, "Y": 6944675.701 }, "geometry": { "type": "Point", "coordinates": [ 381190.853595502558164, 6944675.701112269423902 ] } },
{ "type": "Feature", "properties": { "NOM_COMM": "OCTEVILLE-L'AVENEL", "INSEE_COMM": "50384", "X": 384062.7117, "Y": 6947337.886 }, "geometry": { "type": "Point", "coordinates": [ 384062.711718637961894, 6947337.886993769556284 ] } },
{ "type": "Feature", "properties": { "NOM_COMM": "SAINT-MAURICE-EN-COTENTIN", "INSEE_COMM": "50522", "X": 359011.1624, "Y": 6932409.486 }, "geometry": { "type": "Point", "coordinates": [ 359011.162417850981001, 6932409.48660612013191 ] } },
{ "type": "Feature", "properties": { "NOM_COMM": "SAINT-JACQUES-DE-NEHOU", "INSEE_COMM": "50486", "X": 365334.2213, "Y": 6933922.91 }, "geometry": { "type": "Point", "coordinates": [ 365334.221326003025752, 6933922.910260243341327 ] } },
{ "type": "Feature", "properties": { "NOM_COMM": "LES MOITIERS-D'ALLONNE", "INSEE_COMM": "50332", "X": 352749.3632, "Y": 6933177.132 }, "geometry": { "type": "Point", "coordinates": [ 352749.363292902009562, 6933177.13283871114254 ] } },
{ "type": "Feature", "properties": { "NOM_COMM": "RAUVILLE-LA-BIGOT", "INSEE_COMM": "50425", "X": 362244.1352, "Y": 6945334.6 }, "geometry": { "type": "Point", "coordinates": [ 362244.135220462456346, 6945334.600450434722006 ] } },
{ "type": "Feature", "properties": { "NOM_COMM": "BRICQUEBEC-EN-COTENTIN", "INSEE_COMM": "50082", "X": 361713.441, "Y": 6939519.262 }, "geometry": { "type": "Point", "coordinates": [ 361713.441077498777304, 6939519.262990010902286 ] } },
{ "type": "Feature", "properties": { "NOM_COMM": "SAINT-JOSEPH", "INSEE_COMM": "50498", "X": 372534.6935, "Y": 6946293.967 }, "geometry": { "type": "Point", "coordinates": [ 372534.693578824924771, 6946293.967313758097589 ] } },
{ "type": "Feature", "properties": { "NOM_COMM": "SAINT-JEAN-DE-LA-RIVIERE", "INSEE_COMM": "50490", "X": 355552.81, "Y": 6928832.484 }, "geometry": { "type": "Point", "coordinates": [ 355552.810082552139647, 6928832.48402167018503 ] } },
{ "type": "Feature", "properties": { "NOM_COMM": "SENOVILLE", "INSEE_COMM": "50572", "X": 353966.9685, "Y": 6936033.281 }, "geometry": { "type": "Point", "coordinates": [ 353966.968581621709745, 6936033.281477779150009 ] } },
{ "type": "Feature", "properties": { "NOM_COMM": "SOTTEVILLE", "INSEE_COMM": "50580", "X": 356003.6666, "Y": 6948174.905 }, "geometry": { "type": "Point", "coordinates": [ 356003.666670806473121, 6948174.905140961520374 ] } },
{ "type": "Feature", "properties": { "NOM_COMM": "AIREL", "INSEE_COMM": "50004", "X": 402852.2885, "Y": 6909057.583 }, "geometry": { "type": "Point", "coordinates": [ 402852.288561546767596, 6909057.58345683477819 ] } },
{ "type": "Feature", "properties": { "NOM_COMM": "MOON-SUR-ELLE", "INSEE_COMM": "50356", "X": 404706.5255, "Y": 6908076.132 }, "geometry": { "type": "Point", "coordinates": [ 404706.525587577314582, 6908076.132471348159015 ] } },
{ "type": "Feature", "properties": { "NOM_COMM": "SAINT-GEORGES-D'ELLE", "INSEE_COMM": "50473", "X": 409897.3935, "Y": 6901533.063 }, "geometry": { "type": "Point", "coordinates": [ 409897.393516687792726, 6901533.063409637659788 ] } },
{ "type": "Feature", "properties": { "NOM_COMM": "LE MESNIL-ROUXELIN", "INSEE_COMM": "50321", "X": 402494.9521, "Y": 6901422.912 }, "geometry": { "type": "Point", "coordinates": [ 402494.952137075131759, 6901422.912645763717592 ] } },
{ "type": "Feature", "properties": { "NOM_COMM": "COUVAINS", "INSEE_COMM": "50148", "X": 407716.0097, "Y": 6903204.538 }, "geometry": { "type": "Point", "coordinates": [ 407716.0097477970412, 6903204.538096331991255 ] } },
{ "type": "Feature", "properties": { "NOM_COMM": "CERISY-LA-FORET", "INSEE_COMM": "50110", "X": 413010.0024, "Y": 6906286.773 }, "geometry": { "type": "Point", "coordinates": [ 413010.002470787148923, 6906286.773459277115762 ] } },
{ "type": "Feature", "properties": { "NOM_COMM": "SAINT-JEAN-DE-SAVIGNY", "INSEE_COMM": "50491", "X": 408078.326, "Y": 6906085.338 }, "geometry": { "type": "Point", "coordinates": [ 408078.326065721339546, 6906085.338068835437298 ] } },
{ "type": "Feature", "properties": { "NOM_COMM": "SAINT-LO", "INSEE_COMM": "50502", "X": 402408.5118, "Y": 6897678.572 }, "geometry": { "type": "Point", "coordinates": [ 402408.511896695534233, 6897678.572393901646137 ] } },
{ "type": "Feature", "properties": { "NOM_COMM": "TESSY BOCAGE", "INSEE_COMM": "50592", "X": 401923.2876, "Y": 6880734.665 }, "geometry": { "type": "Point", "coordinates": [ 401923.287674388498999, 6880734.665831645950675 ] } },
{ "type": "Feature", "properties": { "NOM_COMM": "PONT-HEBERT", "INSEE_COMM": "50409", "X": 395895.3135, "Y": 6905467.235 }, "geometry": { "type": "Point", "coordinates": [ 395895.313521229370963, 6905467.235563717782497 ] } },
{ "type": "Feature", "properties": { "NOM_COMM": "AVRANCHES", "INSEE_COMM": "50025", "X": 380241.446, "Y": 6850515.486 }, "geometry": { "type": "Point", "coordinates": [ 380241.446059028035961, 6850515.48631364479661 ] } },
{ "type": "Feature", "properties": { "NOM_COMM": "TIREPIED-SUR-SEE", "INSEE_COMM": "50597", "X": 385948.9716, "Y": 6855162.591 }, "geometry": { "type": "Point", "coordinates": [ 385948.971658123366069, 6855162.591700223274529 ] } },
{ "type": "Feature", "properties": { "NOM_COMM": "GAVRAY-SUR-SIENNE", "INSEE_COMM": "50197", "X": 382453.2498, "Y": 6874707.368 }, "geometry": { "type": "Point", "coordinates": [ 382453.249831504072063, 6874707.368298854678869 ] } },
{ "type": "Feature", "properties": { "NOM_COMM": "QUETTREVILLE-SUR-SIENNE", "INSEE_COMM": "50419", "X": 375096.0538, "Y": 6883512.97 }, "geometry": { "type": "Point", "coordinates": [ 375096.053846509661525, 6883512.970247846096754 ] } },
{ "type": "Feature", "properties": { "NOM_COMM": "GOUVILLE-SUR-MER", "INSEE_COMM": "50215", "X": 368184.3361, "Y": 6898666.514 }, "geometry": { "type": "Point", "coordinates": [ 368184.336189141031355, 6898666.514940783381462 ] } },
{ "type": "Feature", "properties": { "NOM_COMM": "CARENTAN LES MARAIS", "INSEE_COMM": "50099", "X": 394515.7003000001, "Y": 6920901.816 }, "geometry": { "type": "Point", "coordinates": [ 394515.700362625415437, 6920901.816415236331522 ] } },
{ "type": "Feature", "properties": { "NOM_COMM": "SAINT-SAUVEUR-VILLAGES", "INSEE_COMM": "50550", "X": 378367.2228, "Y": 6901381.129 }, "geometry": { "type": "Point", "coordinates": [ 378367.222845787473489, 6901381.129612655378878 ] } },
{ "type": "Feature", "properties": { "NOM_COMM": "PORT-BAIL-SUR-MER", "INSEE_COMM": "50412", "X": 359745.0366, "Y": 6925570.917 }, "geometry": { "type": "Point", "coordinates": [ 359745.036686032486614, 6925570.917644773609936 ] } },
{ "type": "Feature", "properties": { "NOM_COMM": "SAINTE-MERE-EGLISE", "INSEE_COMM": "50523", "X": 387794.5556, "Y": 6932563.788 }, "geometry": { "type": "Point", "coordinates": [ 387794.555658131605014, 6932563.788923039101064 ] } },
{ "type": "Feature", "properties": { "NOM_COMM": "QUETTEHOU", "INSEE_COMM": "50417", "X": 387381.5469, "Y": 6951402.931 }, "geometry": { "type": "Point", "coordinates": [ 387381.54698278271826, 6951402.931851777248085 ] } },
{ "type": "Feature", "properties": { "NOM_COMM": "BOURGVALLEES", "INSEE_COMM": "50546", "X": 398765.4592, "Y": 6889543.361 }, "geometry": { "type": "Point", "coordinates": [ 398765.459249091567472, 6889543.361874147318304 ] } },
{ "type": "Feature", "properties": { "NOM_COMM": "TOURNEVILLE-SUR-MER", "INSEE_COMM": "50272", "X": 368384.3757, "Y": 6881991.9 }, "geometry": { "type": "Point", "coordinates": [ 368384.375784644857049, 6881991.900593194179237 ] } }
]
}
